#
# There is insufficient memory for the Java Runtime Environment to continue.
# Native memory allocation (malloc) failed to allocate 1734848 bytes. Error detail: Chunk::new
# Possible reasons:
#   The system is out of physical RAM or swap space
#   This process is running with CompressedOops enabled, and the Java Heap may be blocking the growth of the native heap
# Possible solutions:
#   Reduce memory load on the system
#   Increase physical memory or swap space
#   Check if swap backing store is full
#   Decrease Java heap size (-Xmx/-Xms)
#   Decrease number of Java threads
#   Decrease Java thread stack sizes (-Xss)
#   Set larger code cache with -XX:ReservedCodeCacheSize=
#   JVM is running with Zero Based Compressed Oops mode in which the Java heap is
#     placed in the first 32GB address space. The Java Heap base address is the
#     maximum limit for the native heap growth. Please use -XX:HeapBaseMinAddress
#     to set the Java Heap base and to place the Java Heap above 32GB virtual address.
# This output file may be truncated or incomplete.
#
#  Out of Memory Error (arena.cpp:191), pid=18844, tid=3592
#
# JRE version: OpenJDK Runtime Environment Temurin-17.0.18+8 (17.0.18+8) (build 17.0.18+8)
# Java VM: OpenJDK 64-Bit Server VM Temurin-17.0.18+8 (17.0.18+8, mixed mode, sharing, tiered, compressed oops, compressed class ptrs, g1 gc, windows-amd64)
# No core dump will be written. Minidumps are not enabled by default on client versions of Windows
#

---------------  S U M M A R Y ------------

Command Line: --add-opens=java.base/java.util=ALL-UNNAMED --add-opens=java.base/java.lang=ALL-UNNAMED --add-opens=java.base/java.lang.invoke=ALL-UNNAMED --add-opens=java.prefs/java.util.prefs=ALL-UNNAMED --add-opens=java.base/java.nio.charset=ALL-UNNAMED --add-opens=java.base/java.net=ALL-UNNAMED --add-opens=java.base/java.util.concurrent.atomic=ALL-UNNAMED -Xmx3G -Dfile.encoding=UTF-8 -Duser.country=SE -Duser.language=sv -Duser.variant -javaagent:C:\Users\ellio\.gradle\wrapper\dists\gradle-8.8-bin\dl7vupf4psengwqhwktix4v1\gradle-8.8\lib\agents\gradle-instrumentation-agent-8.8.jar org.gradle.launcher.daemon.bootstrap.GradleDaemon 8.8

Host: 12th Gen Intel(R) Core(TM) i5-12400F, 12 cores, 15G,  Windows 11 , 64 bit Build 26100 (10.0.26100.7920)
Time: Sat Mar 28 14:57:11 2026 Västeuropa, normaltid elapsed time: 3498.687674 seconds (0d 0h 58m 18s)

---------------  T H R E A D  ---------------

Current thread (0x000002302e3e7510):  JavaThread "C2 CompilerThread0" daemon [_thread_in_native, id=3592, stack(0x000000fb39d00000,0x000000fb39e00000)]


Current CompileTask:
C2:3498689 17519   !   4       java.io.ObjectOutputStream::writeObject0 (620 bytes)

Stack: [0x000000fb39d00000,0x000000fb39e00000]
Native frames: (J=compiled Java code, j=interpreted, Vv=VM code, C=native code)
V  [jvm.dll+0x6846f9]
V  [jvm.dll+0x839ea5]
V  [jvm.dll+0x83b91e]
V  [jvm.dll+0x83bfa3]
V  [jvm.dll+0x248eff]
V  [jvm.dll+0xad496]
V  [jvm.dll+0xadb3c]
V  [jvm.dll+0x368c1e]
V  [jvm.dll+0x1bc1ef]
V  [jvm.dll+0x219f10]
V  [jvm.dll+0x219200]
V  [jvm.dll+0x1a4920]
V  [jvm.dll+0x22989a]
V  [jvm.dll+0x227a4b]
V  [jvm.dll+0x7f0658]
V  [jvm.dll+0x7eaaec]
V  [jvm.dll+0x6835c7]
C  [ucrtbase.dll+0x37b0]
C  [KERNEL32.DLL+0x2e8d7]
C  [ntdll.dll+0x8c48c]


---------------  P R O C E S S  ---------------

Threads class SMR info:
_java_thread_list=0x000002307c201ec0, length=133, elements={
0x000002300d45b760, 0x000002302e3c90a0, 0x000002302e3c9b70, 0x000002302e3dfd70,
0x000002302e3e2750, 0x000002302e3e3020, 0x000002302e3e5900, 0x000002302e3e7510,
0x000002302e3ed720, 0x000002302e3fae40, 0x000002302e3f94f0, 0x000002302e3f9f10,
0x000002302e3fa420, 0x000002302e3f9a00, 0x000002302e3f8ad0, 0x00000230751a3d30,
0x00000230751a3820, 0x00000230751a4750, 0x00000230751a23e0, 0x00000230751a4240,
0x00000230751a4c60, 0x00000230750b4970, 0x00000230750b3530, 0x00000230750b67d0,
0x0000023078f1bd80, 0x0000023078f1ccb0, 0x0000023078f21db0, 0x0000023078f1f020,
0x0000023078f20e80, 0x000002302e3fb350, 0x0000023074d03680, 0x0000023074d054e0,
0x000002307a942d70, 0x00000230766cb0b0, 0x00000230766cb5c0, 0x00000230751a5170,
0x00000230751a5680, 0x00000230751a28f0, 0x000002307ad49550, 0x000002307ad4a990,
0x000002307ad49a60, 0x000002307ad4aea0, 0x000002307ad47c00, 0x000002307ad48110,
0x000002307ad48b30, 0x000002307ad48620, 0x0000023074d05f00, 0x0000023074d04fd0,
0x0000023074d06920, 0x0000023074d045b0, 0x0000023074d059f0, 0x0000023074d06410,
0x0000023074d03b90, 0x0000023074d03170, 0x0000023074d04ac0, 0x0000023074d06e30,
0x0000023074d07850, 0x0000023074d040a0, 0x0000023074d08780, 0x0000023074d0a5e0,
0x0000023074d07d60, 0x0000023074d09bc0, 0x0000023074d0aaf0, 0x0000023074d08270,
0x0000023074d091a0, 0x0000023074d08c90, 0x0000023074d096b0, 0x0000023074d0a0d0,
0x000002307a941420, 0x000002307a9441b0, 0x000002307a943280, 0x000002307a940a00,
0x000002307a943790, 0x000002307a941e40, 0x000002307a943ca0, 0x000002307a944bd0,
0x000002307a942350, 0x000002307a947960, 0x000002307a946010, 0x000002307a946520,
0x000002307a9450e0, 0x000002307a9455f0, 0x000002307a946a30, 0x000002307a946f40,
0x000002307a947e70, 0x000002307a947450, 0x000002307a9446c0, 0x000002307a948380,
0x00000230750b3f50, 0x00000230750b2b10, 0x00000230750b58a0, 0x00000230750b4460,
0x00000230750b3020, 0x00000230750b4e80, 0x00000230750b71f0, 0x00000230750b7700,
0x00000230750b8630, 0x00000230750b8b40, 0x00000230750b5db0, 0x00000230750b5390,
0x00000230750b9f80, 0x00000230750b9050, 0x00000230750b9560, 0x00000230750b7c10,
0x00000230750b9a70, 0x00000230750ba490, 0x00000230750b6ce0, 0x0000023078f1d1c0,
0x0000023078f1d6d0, 0x0000023078f1e600, 0x0000023078f1c7a0, 0x0000023078f1ae50,
0x0000023078f222c0, 0x0000023078f21390, 0x0000023078f1eb10, 0x0000023078f1f530,
0x0000023078f1fa40, 0x0000023078f218a0, 0x0000023078f1ff50, 0x0000023078f20460,
0x00000230766ce350, 0x00000230766cde40, 0x00000230766cbfe0, 0x00000230766cca00,
0x00000230766cfca0, 0x00000230766ce860, 0x00000230766cf790, 0x00000230766ccf10,
0x00000230766d0bd0, 0x00000230766cd930, 0x00000230766d2520, 0x00000230766d10e0,
0x000002302e3fa930
}

Java Threads: ( => current thread )
  0x000002300d45b760 JavaThread "main" [_thread_blocked, id=29100, stack(0x000000fb39000000,0x000000fb39100000)]
  0x000002302e3c90a0 JavaThread "Reference Handler" daemon [_thread_blocked, id=6224, stack(0x000000fb39700000,0x000000fb39800000)]
  0x000002302e3c9b70 JavaThread "Finalizer" daemon [_thread_blocked, id=18896, stack(0x000000fb39800000,0x000000fb39900000)]
  0x000002302e3dfd70 JavaThread "Signal Dispatcher" daemon [_thread_blocked, id=27772, stack(0x000000fb39900000,0x000000fb39a00000)]
  0x000002302e3e2750 JavaThread "Attach Listener" daemon [_thread_blocked, id=29640, stack(0x000000fb39a00000,0x000000fb39b00000)]
  0x000002302e3e3020 JavaThread "Service Thread" daemon [_thread_blocked, id=816, stack(0x000000fb39b00000,0x000000fb39c00000)]
  0x000002302e3e5900 JavaThread "Monitor Deflation Thread" daemon [_thread_blocked, id=21960, stack(0x000000fb39c00000,0x000000fb39d00000)]
=>0x000002302e3e7510 JavaThread "C2 CompilerThread0" daemon [_thread_in_native, id=3592, stack(0x000000fb39d00000,0x000000fb39e00000)]
  0x000002302e3ed720 JavaThread "C1 CompilerThread0" daemon [_thread_blocked, id=1972, stack(0x000000fb39e00000,0x000000fb39f00000)]
  0x000002302e3fae40 JavaThread "Sweeper thread" daemon [_thread_blocked, id=2532, stack(0x000000fb39f00000,0x000000fb3a000000)]
  0x000002302e3f94f0 JavaThread "Common-Cleaner" daemon [_thread_blocked, id=25320, stack(0x000000fb3a000000,0x000000fb3a100000)]
  0x000002302e3f9f10 JavaThread "Notification Thread" daemon [_thread_blocked, id=3508, stack(0x000000fb3a100000,0x000000fb3a200000)]
  0x000002302e3fa420 JavaThread "Daemon health stats" [_thread_blocked, id=4616, stack(0x000000fb3aa00000,0x000000fb3ab00000)]
  0x000002302e3f9a00 JavaThread "Incoming local TCP Connector on port 62639" [_thread_in_native, id=19276, stack(0x000000fb3ab00000,0x000000fb3ac00000)]
  0x000002302e3f8ad0 JavaThread "Daemon periodic checks" [_thread_blocked, id=30244, stack(0x000000fb3ac00000,0x000000fb3ad00000)]
  0x00000230751a3d30 JavaThread "Cache worker for journal cache (C:\Users\ellio\.gradle\caches\journal-1)" [_thread_blocked, id=5412, stack(0x000000fb3b400000,0x000000fb3b500000)]
  0x00000230751a3820 JavaThread "File lock request listener" [_thread_in_native, id=29968, stack(0x000000fb3b500000,0x000000fb3b600000)]
  0x00000230751a4750 JavaThread "Cache worker for file hash cache (C:\Users\ellio\.gradle\caches\8.8\fileHashes)" [_thread_blocked, id=21148, stack(0x000000fb3b600000,0x000000fb3b700000)]
  0x00000230751a23e0 JavaThread "File watcher server" daemon [_thread_in_native, id=14120, stack(0x000000fb3a300000,0x000000fb3a400000)]
  0x00000230751a4240 JavaThread "File watcher consumer" daemon [_thread_blocked, id=17976, stack(0x000000fb3a400000,0x000000fb3a500000)]
  0x00000230751a4c60 JavaThread "Cache worker for file content cache (C:\Users\ellio\.gradle\caches\8.8\fileContent)" [_thread_blocked, id=19196, stack(0x000000fb3bf00000,0x000000fb3c000000)]
  0x00000230750b4970 JavaThread "jar transforms" [_thread_blocked, id=16296, stack(0x000000fb3c300000,0x000000fb3c400000)]
  0x00000230750b3530 JavaThread "jar transforms Thread 2" [_thread_blocked, id=15200, stack(0x000000fb3c500000,0x000000fb3c600000)]
  0x00000230750b67d0 JavaThread "jar transforms Thread 3" [_thread_blocked, id=1464, stack(0x000000fb3c600000,0x000000fb3c700000)]
  0x0000023078f1bd80 JavaThread "jar transforms Thread 4" [_thread_blocked, id=7056, stack(0x000000fb3db00000,0x000000fb3dc00000)]
  0x0000023078f1ccb0 JavaThread "jar transforms Thread 5" [_thread_blocked, id=30500, stack(0x000000fb3dc00000,0x000000fb3dd00000)]
  0x0000023078f21db0 JavaThread "jar transforms Thread 6" [_thread_blocked, id=3876, stack(0x000000fb3e700000,0x000000fb3e800000)]
  0x0000023078f1f020 JavaThread "jar transforms Thread 7" [_thread_blocked, id=27384, stack(0x000000fb3e800000,0x000000fb3e900000)]
  0x0000023078f20e80 JavaThread "jar transforms Thread 8" [_thread_blocked, id=30572, stack(0x000000fb3ef00000,0x000000fb3f000000)]
  0x000002302e3fb350 JavaThread "jar transforms Thread 9" [_thread_blocked, id=24764, stack(0x000000fb3f100000,0x000000fb3f200000)]
  0x0000023074d03680 JavaThread "Memory manager" [_thread_blocked, id=17152, stack(0x000000fb41400000,0x000000fb41500000)]
  0x0000023074d054e0 JavaThread "jar transforms Thread 10" [_thread_blocked, id=19292, stack(0x000000fb41600000,0x000000fb41700000)]
  0x000002307a942d70 JavaThread "Cache worker for Java compile cache (C:\Users\ellio\.gradle\caches\8.8\javaCompile)" [_thread_blocked, id=30292, stack(0x000000fb45200000,0x000000fb45300000)]
  0x00000230766cb0b0 JavaThread "Daemon Thread 3" [_thread_blocked, id=24900, stack(0x000000fb38f00000,0x000000fb39000000)]
  0x00000230766cb5c0 JavaThread "Daemon worker Thread 2" [_thread_blocked, id=6040, stack(0x000000fb3af00000,0x000000fb3b000000)]
  0x00000230751a5170 JavaThread "Exec process Thread 4" [_thread_in_native, id=30376, stack(0x000000fb42900000,0x000000fb42a00000)]
  0x00000230751a5680 JavaThread "Exec process Thread 5" [_thread_in_native, id=30208, stack(0x000000fb42a00000,0x000000fb42b00000)]
  0x00000230751a28f0 JavaThread "Exec process Thread 6" [_thread_in_native, id=19012, stack(0x000000fb42c00000,0x000000fb42d00000)]
  0x000002307ad49550 JavaThread "Handler for socket connection from /127.0.0.1:62639 to /127.0.0.1:54169" [_thread_in_native, id=25888, stack(0x000000fb38e00000,0x000000fb38f00000)]
  0x000002307ad4a990 JavaThread "Cancel handler" [_thread_blocked, id=29836, stack(0x000000fb3ad00000,0x000000fb3ae00000)]
  0x000002307ad49a60 JavaThread "Asynchronous log dispatcher for DefaultDaemonConnection: socket connection from /127.0.0.1:62639 to /127.0.0.1:54169" [_thread_blocked, id=10580, stack(0x000000fb3ae00000,0x000000fb3af00000)]
  0x000002307ad4aea0 JavaThread "Stdin handler" [_thread_blocked, id=4868, stack(0x000000fb3b000000,0x000000fb3b100000)]
  0x000002307ad47c00 JavaThread "Daemon client event forwarder" [_thread_blocked, id=14116, stack(0x000000fb3b100000,0x000000fb3b200000)]
  0x000002307ad48110 JavaThread "Cache worker for file hash cache (C:\Users\ellio\Documents\Minecraft Mods\EllieCraft-1.20.1\.gradle\8.8\fileHashes)" [_thread_blocked, id=19560, stack(0x000000fb3b200000,0x000000fb3b300000)]
  0x000002307ad48b30 JavaThread "Cache worker for checksums cache (C:\Users\ellio\Documents\Minecraft Mods\EllieCraft-1.20.1\.gradle\8.8\checksums)" [_thread_blocked, id=4316, stack(0x000000fb3b300000,0x000000fb3b400000)]
  0x000002307ad48620 JavaThread "Cache worker for cache directory md-rule (C:\Users\ellio\.gradle\caches\8.8\md-rule)" [_thread_blocked, id=18448, stack(0x000000fb3b700000,0x000000fb3b800000)]
  0x0000023074d05f00 JavaThread "Cache worker for cache directory md-supplier (C:\Users\ellio\.gradle\caches\8.8\md-supplier)" [_thread_blocked, id=3896, stack(0x000000fb3be00000,0x000000fb3bf00000)]
  0x0000023074d04fd0 JavaThread "Unconstrained build operations" [_thread_blocked, id=18632, stack(0x000000fb3c100000,0x000000fb3c200000)]
  0x0000023074d06920 JavaThread "Unconstrained build operations Thread 2" [_thread_blocked, id=30032, stack(0x000000fb3c200000,0x000000fb3c300000)]
  0x0000023074d045b0 JavaThread "Unconstrained build operations Thread 3" [_thread_blocked, id=8564, stack(0x000000fb3c400000,0x000000fb3c500000)]
  0x0000023074d059f0 JavaThread "Unconstrained build operations Thread 4" [_thread_blocked, id=11808, stack(0x000000fb3c700000,0x000000fb3c800000)]
  0x0000023074d06410 JavaThread "Unconstrained build operations Thread 5" [_thread_blocked, id=30692, stack(0x000000fb3c800000,0x000000fb3c900000)]
  0x0000023074d03b90 JavaThread "Unconstrained build operations Thread 6" [_thread_blocked, id=10716, stack(0x000000fb3c900000,0x000000fb3ca00000)]
  0x0000023074d03170 JavaThread "Unconstrained build operations Thread 7" [_thread_blocked, id=22624, stack(0x000000fb3ca00000,0x000000fb3cb00000)]
  0x0000023074d04ac0 JavaThread "Unconstrained build operations Thread 8" [_thread_blocked, id=29424, stack(0x000000fb3cb00000,0x000000fb3cc00000)]
  0x0000023074d06e30 JavaThread "Unconstrained build operations Thread 9" [_thread_blocked, id=29880, stack(0x000000fb3cc00000,0x000000fb3cd00000)]
  0x0000023074d07850 JavaThread "Unconstrained build operations Thread 10" [_thread_blocked, id=19540, stack(0x000000fb3cd00000,0x000000fb3ce00000)]
  0x0000023074d040a0 JavaThread "Unconstrained build operations Thread 11" [_thread_blocked, id=20332, stack(0x000000fb3ce00000,0x000000fb3cf00000)]
  0x0000023074d08780 JavaThread "Unconstrained build operations Thread 12" [_thread_blocked, id=22640, stack(0x000000fb3cf00000,0x000000fb3d000000)]
  0x0000023074d0a5e0 JavaThread "Unconstrained build operations Thread 13" [_thread_blocked, id=12456, stack(0x000000fb3d000000,0x000000fb3d100000)]
  0x0000023074d07d60 JavaThread "Unconstrained build operations Thread 14" [_thread_blocked, id=7724, stack(0x000000fb3d100000,0x000000fb3d200000)]
  0x0000023074d09bc0 JavaThread "Unconstrained build operations Thread 15" [_thread_blocked, id=10812, stack(0x000000fb3d200000,0x000000fb3d300000)]
  0x0000023074d0aaf0 JavaThread "Unconstrained build operations Thread 16" [_thread_blocked, id=19616, stack(0x000000fb3d300000,0x000000fb3d400000)]
  0x0000023074d08270 JavaThread "Unconstrained build operations Thread 17" [_thread_blocked, id=18616, stack(0x000000fb3d400000,0x000000fb3d500000)]
  0x0000023074d091a0 JavaThread "Unconstrained build operations Thread 18" [_thread_blocked, id=24036, stack(0x000000fb3d500000,0x000000fb3d600000)]
  0x0000023074d08c90 JavaThread "Unconstrained build operations Thread 19" [_thread_blocked, id=29124, stack(0x000000fb3d600000,0x000000fb3d700000)]
  0x0000023074d096b0 JavaThread "Unconstrained build operations Thread 20" [_thread_blocked, id=19768, stack(0x000000fb3d700000,0x000000fb3d800000)]
  0x0000023074d0a0d0 JavaThread "Unconstrained build operations Thread 21" [_thread_blocked, id=24464, stack(0x000000fb3d800000,0x000000fb3d900000)]
  0x000002307a941420 JavaThread "Unconstrained build operations Thread 22" [_thread_blocked, id=30592, stack(0x000000fb3d900000,0x000000fb3da00000)]
  0x000002307a9441b0 JavaThread "Unconstrained build operations Thread 23" [_thread_blocked, id=10024, stack(0x000000fb3da00000,0x000000fb3db00000)]
  0x000002307a943280 JavaThread "Unconstrained build operations Thread 24" [_thread_blocked, id=10508, stack(0x000000fb3dd00000,0x000000fb3de00000)]
  0x000002307a940a00 JavaThread "Cache worker for Build Output Cleanup Cache (C:\Users\ellio\Documents\Minecraft Mods\EllieCraft-1.20.1\.gradle\buildOutputCleanup)" [_thread_blocked, id=29476, stack(0x000000fb3de00000,0x000000fb3df00000)]
  0x000002307a943790 JavaThread "Unconstrained build operations Thread 25" [_thread_blocked, id=8440, stack(0x000000fb3df00000,0x000000fb3e000000)]
  0x000002307a941e40 JavaThread "Unconstrained build operations Thread 26" [_thread_blocked, id=22580, stack(0x000000fb3e000000,0x000000fb3e100000)]
  0x000002307a943ca0 JavaThread "Unconstrained build operations Thread 27" [_thread_blocked, id=18816, stack(0x000000fb3e100000,0x000000fb3e200000)]
  0x000002307a944bd0 JavaThread "Unconstrained build operations Thread 28" [_thread_blocked, id=29252, stack(0x000000fb3e200000,0x000000fb3e300000)]
  0x000002307a942350 JavaThread "Unconstrained build operations Thread 29" [_thread_blocked, id=12084, stack(0x000000fb3e300000,0x000000fb3e400000)]
  0x000002307a947960 JavaThread "Unconstrained build operations Thread 30" [_thread_blocked, id=15848, stack(0x000000fb3e400000,0x000000fb3e500000)]
  0x000002307a946010 JavaThread "Unconstrained build operations Thread 31" [_thread_blocked, id=24272, stack(0x000000fb3e500000,0x000000fb3e600000)]
  0x000002307a946520 JavaThread "Unconstrained build operations Thread 32" [_thread_blocked, id=6276, stack(0x000000fb3e600000,0x000000fb3e700000)]
  0x000002307a9450e0 JavaThread "Unconstrained build operations Thread 33" [_thread_blocked, id=27452, stack(0x000000fb3e900000,0x000000fb3ea00000)]
  0x000002307a9455f0 JavaThread "Unconstrained build operations Thread 34" [_thread_blocked, id=24896, stack(0x000000fb3ea00000,0x000000fb3eb00000)]
  0x000002307a946a30 JavaThread "Unconstrained build operations Thread 35" [_thread_blocked, id=13248, stack(0x000000fb3eb00000,0x000000fb3ec00000)]
  0x000002307a946f40 JavaThread "Unconstrained build operations Thread 36" [_thread_blocked, id=27544, stack(0x000000fb3ec00000,0x000000fb3ed00000)]
  0x000002307a947e70 JavaThread "Unconstrained build operations Thread 37" [_thread_blocked, id=12436, stack(0x000000fb3ed00000,0x000000fb3ee00000)]
  0x000002307a947450 JavaThread "Unconstrained build operations Thread 38" [_thread_blocked, id=8240, stack(0x000000fb3ee00000,0x000000fb3ef00000)]
  0x000002307a9446c0 JavaThread "Unconstrained build operations Thread 39" [_thread_blocked, id=30296, stack(0x000000fb3f000000,0x000000fb3f100000)]
  0x000002307a948380 JavaThread "Unconstrained build operations Thread 40" [_thread_blocked, id=29972, stack(0x000000fb3f200000,0x000000fb3f300000)]
  0x00000230750b3f50 JavaThread "Unconstrained build operations Thread 41" [_thread_blocked, id=25988, stack(0x000000fb3f300000,0x000000fb3f400000)]
  0x00000230750b2b10 JavaThread "Unconstrained build operations Thread 42" [_thread_blocked, id=21972, stack(0x000000fb3f400000,0x000000fb3f500000)]
  0x00000230750b58a0 JavaThread "Unconstrained build operations Thread 43" [_thread_blocked, id=29924, stack(0x000000fb3f500000,0x000000fb3f600000)]
  0x00000230750b4460 JavaThread "Unconstrained build operations Thread 44" [_thread_blocked, id=9324, stack(0x000000fb3f600000,0x000000fb3f700000)]
  0x00000230750b3020 JavaThread "Unconstrained build operations Thread 45" [_thread_blocked, id=29612, stack(0x000000fb3f700000,0x000000fb3f800000)]
  0x00000230750b4e80 JavaThread "Unconstrained build operations Thread 46" [_thread_blocked, id=23588, stack(0x000000fb3f800000,0x000000fb3f900000)]
  0x00000230750b71f0 JavaThread "Unconstrained build operations Thread 47" [_thread_blocked, id=23412, stack(0x000000fb3fa00000,0x000000fb3fb00000)]
  0x00000230750b7700 JavaThread "Unconstrained build operations Thread 48" [_thread_blocked, id=16628, stack(0x000000fb3fb00000,0x000000fb3fc00000)]
  0x00000230750b8630 JavaThread "Unconstrained build operations Thread 49" [_thread_blocked, id=22976, stack(0x000000fb3fc00000,0x000000fb3fd00000)]
  0x00000230750b8b40 JavaThread "Unconstrained build operations Thread 50" [_thread_blocked, id=5756, stack(0x000000fb3fd00000,0x000000fb3fe00000)]
  0x00000230750b5db0 JavaThread "Unconstrained build operations Thread 51" [_thread_blocked, id=16988, stack(0x000000fb3fe00000,0x000000fb3ff00000)]
  0x00000230750b5390 JavaThread "Unconstrained build operations Thread 52" [_thread_blocked, id=26572, stack(0x000000fb3ff00000,0x000000fb40000000)]
  0x00000230750b9f80 JavaThread "Unconstrained build operations Thread 53" [_thread_blocked, id=27388, stack(0x000000fb40000000,0x000000fb40100000)]
  0x00000230750b9050 JavaThread "Unconstrained build operations Thread 54" [_thread_blocked, id=18764, stack(0x000000fb40100000,0x000000fb40200000)]
  0x00000230750b9560 JavaThread "Unconstrained build operations Thread 55" [_thread_blocked, id=5768, stack(0x000000fb40200000,0x000000fb40300000)]
  0x00000230750b7c10 JavaThread "Unconstrained build operations Thread 56" [_thread_blocked, id=27692, stack(0x000000fb40300000,0x000000fb40400000)]
  0x00000230750b9a70 JavaThread "Unconstrained build operations Thread 57" [_thread_blocked, id=11860, stack(0x000000fb40400000,0x000000fb40500000)]
  0x00000230750ba490 JavaThread "Unconstrained build operations Thread 58" [_thread_blocked, id=6836, stack(0x000000fb40500000,0x000000fb40600000)]
  0x00000230750b6ce0 JavaThread "Unconstrained build operations Thread 59" [_thread_blocked, id=20368, stack(0x000000fb40600000,0x000000fb40700000)]
  0x0000023078f1d1c0 JavaThread "Unconstrained build operations Thread 60" [_thread_blocked, id=19388, stack(0x000000fb40700000,0x000000fb40800000)]
  0x0000023078f1d6d0 JavaThread "Unconstrained build operations Thread 61" [_thread_blocked, id=7572, stack(0x000000fb40800000,0x000000fb40900000)]
  0x0000023078f1e600 JavaThread "Unconstrained build operations Thread 62" [_thread_blocked, id=21528, stack(0x000000fb40900000,0x000000fb40a00000)]
  0x0000023078f1c7a0 JavaThread "Unconstrained build operations Thread 63" [_thread_blocked, id=14976, stack(0x000000fb40a00000,0x000000fb40b00000)]
  0x0000023078f1ae50 JavaThread "Unconstrained build operations Thread 64" [_thread_blocked, id=24776, stack(0x000000fb40b00000,0x000000fb40c00000)]
  0x0000023078f222c0 JavaThread "Unconstrained build operations Thread 65" [_thread_blocked, id=10248, stack(0x000000fb40c00000,0x000000fb40d00000)]
  0x0000023078f21390 JavaThread "Unconstrained build operations Thread 66" [_thread_blocked, id=1000, stack(0x000000fb40e00000,0x000000fb40f00000)]
  0x0000023078f1eb10 JavaThread "included builds" [_thread_blocked, id=29108, stack(0x000000fb41300000,0x000000fb41400000)]
  0x0000023078f1f530 JavaThread "Execution worker" [_thread_blocked, id=14916, stack(0x000000fb41500000,0x000000fb41600000)]
  0x0000023078f1fa40 JavaThread "Execution worker Thread 2" [_thread_blocked, id=20124, stack(0x000000fb41700000,0x000000fb41800000)]
  0x0000023078f218a0 JavaThread "Execution worker Thread 3" [_thread_blocked, id=30672, stack(0x000000fb41800000,0x000000fb41900000)]
  0x0000023078f1ff50 JavaThread "Execution worker Thread 4" [_thread_blocked, id=30596, stack(0x000000fb41900000,0x000000fb41a00000)]
  0x0000023078f20460 JavaThread "Execution worker Thread 5" [_thread_blocked, id=24812, stack(0x000000fb41a00000,0x000000fb41b00000)]
  0x00000230766ce350 JavaThread "Execution worker Thread 6" [_thread_blocked, id=13168, stack(0x000000fb41b00000,0x000000fb41c00000)]
  0x00000230766cde40 JavaThread "Execution worker Thread 7" [_thread_blocked, id=12460, stack(0x000000fb41c00000,0x000000fb41d00000)]
  0x00000230766cbfe0 JavaThread "Execution worker Thread 8" [_thread_blocked, id=13204, stack(0x000000fb41d00000,0x000000fb41e00000)]
  0x00000230766cca00 JavaThread "Execution worker Thread 9" [_thread_blocked, id=14852, stack(0x000000fb41e00000,0x000000fb41f00000)]
  0x00000230766cfca0 JavaThread "Execution worker Thread 10" [_thread_blocked, id=29804, stack(0x000000fb41f00000,0x000000fb42000000)]
  0x00000230766ce860 JavaThread "Execution worker Thread 11" [_thread_blocked, id=15524, stack(0x000000fb42000000,0x000000fb42100000)]
  0x00000230766cf790 JavaThread "Cache worker for execution history cache (C:\Users\ellio\Documents\Minecraft Mods\EllieCraft-1.20.1\.gradle\8.8\executionHistory)" [_thread_blocked, id=15584, stack(0x000000fb42100000,0x000000fb42200000)]
  0x00000230766ccf10 JavaThread "Unconstrained build operations Thread 67" [_thread_blocked, id=18000, stack(0x000000fb42200000,0x000000fb42300000)]
  0x00000230766d0bd0 JavaThread "Unconstrained build operations Thread 68" [_thread_blocked, id=3612, stack(0x000000fb42300000,0x000000fb42400000)]
  0x00000230766cd930 JavaThread "Unconstrained build operations Thread 69" [_thread_blocked, id=29724, stack(0x000000fb42400000,0x000000fb42500000)]
  0x00000230766d2520 JavaThread "Unconstrained build operations Thread 70" [_thread_blocked, id=25536, stack(0x000000fb42500000,0x000000fb42600000)]
  0x00000230766d10e0 JavaThread "Unconstrained build operations Thread 71" [_thread_blocked, id=24336, stack(0x000000fb42700000,0x000000fb42800000)]
  0x000002302e3fa930 JavaThread "Unconstrained build operations Thread 72" [_thread_blocked, id=21688, stack(0x000000fb42800000,0x000000fb42900000)]

Other Threads:
  0x000002302e3c50b0 VMThread "VM Thread" [stack: 0x000000fb39600000,0x000000fb39700000] [id=26860]
  0x000002302e63a070 WatcherThread [stack: 0x000000fb3a200000,0x000000fb3a300000] [id=27060]
  0x000002300d4b6440 GCTaskThread "GC Thread#0" [stack: 0x000000fb39100000,0x000000fb39200000] [id=23576]
  0x000002307449e770 GCTaskThread "GC Thread#1" [stack: 0x000000fb3a500000,0x000000fb3a600000] [id=30340]
  0x000002307434ce90 GCTaskThread "GC Thread#2" [stack: 0x000000fb3a600000,0x000000fb3a700000] [id=9752]
  0x000002307434d150 GCTaskThread "GC Thread#3" [stack: 0x000000fb3a700000,0x000000fb3a800000] [id=9960]
  0x0000023074b64910 GCTaskThread "GC Thread#4" [stack: 0x000000fb3a800000,0x000000fb3a900000] [id=24040]
  0x0000023074b64bd0 GCTaskThread "GC Thread#5" [stack: 0x000000fb3a900000,0x000000fb3aa00000] [id=10972]
  0x0000023076a7ebf0 GCTaskThread "GC Thread#6" [stack: 0x000000fb3b800000,0x000000fb3b900000] [id=24024]
  0x00000230760f9d10 GCTaskThread "GC Thread#7" [stack: 0x000000fb3b900000,0x000000fb3ba00000] [id=26324]
  0x0000023076134020 GCTaskThread "GC Thread#8" [stack: 0x000000fb3ba00000,0x000000fb3bb00000] [id=27196]
  0x000002307636ba00 GCTaskThread "GC Thread#9" [stack: 0x000000fb3bb00000,0x000000fb3bc00000] [id=29584]
  0x000002300d4c4f80 ConcurrentGCThread "G1 Main Marker" [stack: 0x000000fb39200000,0x000000fb39300000] [id=8816]
  0x000002300d4c6050 ConcurrentGCThread "G1 Conc#0" [stack: 0x000000fb39300000,0x000000fb39400000] [id=28640]
  0x0000023079152d00 ConcurrentGCThread "G1 Conc#1" [stack: 0x000000fb3bc00000,0x000000fb3bd00000] [id=23272]
  0x0000023078a1e820 ConcurrentGCThread "G1 Conc#2" [stack: 0x000000fb3bd00000,0x000000fb3be00000] [id=16028]
  0x000002300d4fe0f0 ConcurrentGCThread "G1 Refine#0" [stack: 0x000000fb39400000,0x000000fb39500000] [id=28824]
  0x0000023077ef9b90 ConcurrentGCThread "G1 Refine#1" [stack: 0x000000fb44500000,0x000000fb44600000] [id=19460]
  0x0000023077ef8fd0 ConcurrentGCThread "G1 Refine#2" [stack: 0x000000fb44600000,0x000000fb44700000] [id=19444]
  0x0000023077efb600 ConcurrentGCThread "G1 Refine#3" [stack: 0x000000fb44700000,0x000000fb44800000] [id=29056]
  0x0000023077efc1c0 ConcurrentGCThread "G1 Refine#4" [stack: 0x000000fb44800000,0x000000fb44900000] [id=18992]
  0x0000023077efb8f0 ConcurrentGCThread "G1 Refine#5" [stack: 0x000000fb44900000,0x000000fb44a00000] [id=9548]
  0x0000023077efaa40 ConcurrentGCThread "G1 Refine#6" [stack: 0x000000fb44a00000,0x000000fb44b00000] [id=26732]
  0x0000023077efad30 ConcurrentGCThread "G1 Refine#7" [stack: 0x000000fb44b00000,0x000000fb44c00000] [id=4784]
  0x0000023077efb310 ConcurrentGCThread "G1 Refine#8" [stack: 0x000000fb44c00000,0x000000fb44d00000] [id=9968]
  0x0000023075b15c10 ConcurrentGCThread "G1 Refine#9" [stack: 0x000000fb44d00000,0x000000fb44e00000] [id=24012]
  0x000002300d4fe8d0 ConcurrentGCThread "G1 Service" [stack: 0x000000fb39500000,0x000000fb39600000] [id=29464]

Threads with active compile tasks:
C2 CompilerThread0  3498786 17519   !   4       java.io.ObjectOutputStream::writeObject0 (620 bytes)

VM state: not at safepoint (normal execution)

VM Mutex/Monitor currently owned by a thread: None

Heap address: 0x0000000740000000, size: 3072 MB, Compressed Oops mode: Zero based, Oop shift amount: 3

CDS archive(s) mapped at: [0x000002302f000000-0x000002302fbb0000-0x000002302fbb0000), size 12255232, SharedBaseAddress: 0x000002302f000000, ArchiveRelocationMode: 1.
Compressed class space mapped at: 0x0000023030000000-0x0000023070000000, reserved size: 1073741824
Narrow klass base: 0x000002302f000000, Narrow klass shift: 0, Narrow klass range: 0x100000000

GC Precious Log:
 CPUs: 12 total, 12 available
 Memory: 16215M
 Large Page Support: Disabled
 NUMA Support: Disabled
 Compressed Oops: Enabled (Zero based)
 Heap Region Size: 2M
 Heap Min Capacity: 8M
 Heap Initial Capacity: 254M
 Heap Max Capacity: 3G
 Pre-touch: Disabled
 Parallel Workers: 10
 Concurrent Workers: 3
 Concurrent Refinement Workers: 10
 Periodic GC: Disabled

Heap:
 garbage-first heap   total 1052672K, used 524092K [0x0000000740000000, 0x0000000800000000)
  region size 2048K, 139 young (284672K), 23 survivors (47104K)
 Metaspace       used 90687K, committed 91712K, reserved 1179648K
  class space    used 12325K, committed 12800K, reserved 1048576K

Heap Regions: E=young(eden), S=young(survivor), O=old, HS=humongous(starts), HC=humongous(continues), CS=collection set, F=free, OA=open archive, CA=closed archive, TAMS=top-at-mark-start (previous, next)
|   0|0x0000000740000000, 0x0000000740200000, 0x0000000740200000|100%|HS|  |TAMS 0x0000000740200000, 0x0000000740000000| Complete 
|   1|0x0000000740200000, 0x0000000740400000, 0x0000000740400000|100%|HC|  |TAMS 0x0000000740400000, 0x0000000740200000| Complete 
|   2|0x0000000740400000, 0x0000000740600000, 0x0000000740600000|100%| O|  |TAMS 0x0000000740600000, 0x0000000740400000| Untracked 
|   3|0x0000000740600000, 0x0000000740800000, 0x0000000740800000|100%| O|  |TAMS 0x0000000740800000, 0x0000000740600000| Untracked 
|   4|0x0000000740800000, 0x0000000740a00000, 0x0000000740a00000|100%| O|  |TAMS 0x0000000740a00000, 0x0000000740800000| Untracked 
|   5|0x0000000740a00000, 0x0000000740c00000, 0x0000000740c00000|100%| O|  |TAMS 0x0000000740c00000, 0x0000000740a00000| Untracked 
|   6|0x0000000740c00000, 0x0000000740e00000, 0x0000000740e00000|100%| O|  |TAMS 0x0000000740e00000, 0x0000000740c00000| Untracked 
|   7|0x0000000740e00000, 0x0000000741000000, 0x0000000741000000|100%| O|  |TAMS 0x0000000741000000, 0x0000000740e00000| Untracked 
|   8|0x0000000741000000, 0x0000000741200000, 0x0000000741200000|100%| O|  |TAMS 0x0000000741200000, 0x0000000741000000| Untracked 
|   9|0x0000000741200000, 0x0000000741400000, 0x0000000741400000|100%| O|  |TAMS 0x0000000741400000, 0x0000000741200000| Untracked 
|  10|0x0000000741400000, 0x00000007415cf000, 0x0000000741600000| 90%| O|  |TAMS 0x00000007415cf000, 0x0000000741400000| Untracked 
|  11|0x0000000741600000, 0x0000000741800000, 0x0000000741800000|100%| O|  |TAMS 0x0000000741800000, 0x0000000741600000| Untracked 
|  12|0x0000000741800000, 0x0000000741a00000, 0x0000000741a00000|100%|HS|  |TAMS 0x0000000741a00000, 0x0000000741800000| Complete 
|  13|0x0000000741a00000, 0x0000000741c00000, 0x0000000741c00000|100%| O|  |TAMS 0x0000000741c00000, 0x0000000741a00000| Untracked 
|  14|0x0000000741c00000, 0x0000000741e00000, 0x0000000741e00000|100%| O|  |TAMS 0x0000000741e00000, 0x0000000741c00000| Untracked 
|  15|0x0000000741e00000, 0x0000000742000000, 0x0000000742000000|100%| O|  |TAMS 0x0000000742000000, 0x0000000741e00000| Untracked 
|  16|0x0000000742000000, 0x0000000742200000, 0x0000000742200000|100%| O|  |TAMS 0x0000000742200000, 0x0000000742000000| Untracked 
|  17|0x0000000742200000, 0x0000000742400000, 0x0000000742400000|100%| O|  |TAMS 0x0000000742400000, 0x0000000742200000| Untracked 
|  18|0x0000000742400000, 0x0000000742600000, 0x0000000742600000|100%| O|  |TAMS 0x0000000742600000, 0x0000000742400000| Untracked 
|  19|0x0000000742600000, 0x0000000742800000, 0x0000000742800000|100%| O|  |TAMS 0x0000000742800000, 0x0000000742600000| Untracked 
|  20|0x0000000742800000, 0x0000000742a00000, 0x0000000742a00000|100%| O|  |TAMS 0x0000000742a00000, 0x0000000742800000| Untracked 
|  21|0x0000000742a00000, 0x0000000742c00000, 0x0000000742c00000|100%| O|  |TAMS 0x0000000742c00000, 0x0000000742a00000| Untracked 
|  22|0x0000000742c00000, 0x0000000742e00000, 0x0000000742e00000|100%| O|  |TAMS 0x0000000742e00000, 0x0000000742c00000| Untracked 
|  23|0x0000000742e00000, 0x0000000743000000, 0x0000000743000000|100%| O|  |TAMS 0x0000000743000000, 0x0000000742e00000| Untracked 
|  24|0x0000000743000000, 0x0000000743200000, 0x0000000743200000|100%|HS|  |TAMS 0x0000000743200000, 0x0000000743000000| Complete 
|  25|0x0000000743200000, 0x0000000743400000, 0x0000000743400000|100%| O|  |TAMS 0x0000000743400000, 0x0000000743200000| Untracked 
|  26|0x0000000743400000, 0x0000000743600000, 0x0000000743600000|100%| O|  |TAMS 0x0000000743600000, 0x0000000743400000| Untracked 
|  27|0x0000000743600000, 0x0000000743800000, 0x0000000743800000|100%| O|  |TAMS 0x0000000743800000, 0x0000000743600000| Untracked 
|  28|0x0000000743800000, 0x0000000743a00000, 0x0000000743a00000|100%| O|  |TAMS 0x0000000743a00000, 0x0000000743800000| Untracked 
|  29|0x0000000743a00000, 0x0000000743c00000, 0x0000000743c00000|100%| O|  |TAMS 0x0000000743c00000, 0x0000000743a00000| Untracked 
|  30|0x0000000743c00000, 0x0000000743e00000, 0x0000000743e00000|100%| O|  |TAMS 0x0000000743e00000, 0x0000000743c00000| Untracked 
|  31|0x0000000743e00000, 0x0000000744000000, 0x0000000744000000|100%| O|  |TAMS 0x0000000744000000, 0x0000000743e00000| Untracked 
|  32|0x0000000744000000, 0x0000000744200000, 0x0000000744200000|100%| O|  |TAMS 0x0000000744200000, 0x0000000744000000| Untracked 
|  33|0x0000000744200000, 0x0000000744400000, 0x0000000744400000|100%| O|  |TAMS 0x0000000744400000, 0x0000000744200000| Untracked 
|  34|0x0000000744400000, 0x0000000744600000, 0x0000000744600000|100%| O|  |TAMS 0x0000000744400000, 0x0000000744400000| Untracked 
|  35|0x0000000744600000, 0x0000000744800000, 0x0000000744800000|100%| O|  |TAMS 0x0000000744800000, 0x0000000744600000| Untracked 
|  36|0x0000000744800000, 0x0000000744a00000, 0x0000000744a00000|100%| O|  |TAMS 0x0000000744a00000, 0x0000000744800000| Untracked 
|  37|0x0000000744a00000, 0x0000000744c00000, 0x0000000744c00000|100%| O|  |TAMS 0x0000000744c00000, 0x0000000744a00000| Untracked 
|  38|0x0000000744c00000, 0x0000000744e00000, 0x0000000744e00000|100%| O|  |TAMS 0x0000000744e00000, 0x0000000744c00000| Untracked 
|  39|0x0000000744e00000, 0x0000000745000000, 0x0000000745000000|100%| O|  |TAMS 0x0000000745000000, 0x0000000744e00000| Untracked 
|  40|0x0000000745000000, 0x0000000745200000, 0x0000000745200000|100%| O|  |TAMS 0x0000000745200000, 0x0000000745000000| Untracked 
|  41|0x0000000745200000, 0x0000000745400000, 0x0000000745400000|100%| O|  |TAMS 0x0000000745400000, 0x0000000745200000| Untracked 
|  42|0x0000000745400000, 0x0000000745600000, 0x0000000745600000|100%| O|  |TAMS 0x0000000745600000, 0x0000000745400000| Untracked 
|  43|0x0000000745600000, 0x0000000745800000, 0x0000000745800000|100%| O|  |TAMS 0x0000000745800000, 0x0000000745600000| Untracked 
|  44|0x0000000745800000, 0x0000000745a00000, 0x0000000745a00000|100%| O|  |TAMS 0x0000000745a00000, 0x0000000745800000| Untracked 
|  45|0x0000000745a00000, 0x0000000745c00000, 0x0000000745c00000|100%| O|  |TAMS 0x0000000745c00000, 0x0000000745a00000| Untracked 
|  46|0x0000000745c00000, 0x0000000745e00000, 0x0000000745e00000|100%| O|  |TAMS 0x0000000745e00000, 0x0000000745c00000| Complete 
|  47|0x0000000745e00000, 0x0000000746000000, 0x0000000746000000|100%|HS|  |TAMS 0x0000000745e00000, 0x0000000745e00000| Complete 
|  48|0x0000000746000000, 0x0000000746200000, 0x0000000746200000|100%| O|  |TAMS 0x0000000746200000, 0x0000000746000000| Untracked 
|  49|0x0000000746200000, 0x0000000746400000, 0x0000000746400000|100%| O|  |TAMS 0x0000000746200000, 0x0000000746200000| Untracked 
|  50|0x0000000746400000, 0x0000000746600000, 0x0000000746600000|100%| O|  |TAMS 0x0000000746600000, 0x0000000746400000| Untracked 
|  51|0x0000000746600000, 0x0000000746800000, 0x0000000746800000|100%| O|  |TAMS 0x0000000746600000, 0x0000000746600000| Untracked 
|  52|0x0000000746800000, 0x0000000746800000, 0x0000000746a00000|  0%| F|  |TAMS 0x0000000746800000, 0x0000000746800000| Untracked 
|  53|0x0000000746a00000, 0x0000000746c00000, 0x0000000746c00000|100%| O|  |TAMS 0x0000000746a00000, 0x0000000746a00000| Untracked 
|  54|0x0000000746c00000, 0x0000000746e00000, 0x0000000746e00000|100%| O|  |TAMS 0x0000000746e00000, 0x0000000746c00000| Complete 
|  55|0x0000000746e00000, 0x0000000746e00000, 0x0000000747000000|  0%| F|  |TAMS 0x0000000746e00000, 0x0000000746e00000| Untracked 
|  56|0x0000000747000000, 0x0000000747000000, 0x0000000747200000|  0%| F|  |TAMS 0x0000000747000000, 0x0000000747000000| Untracked 
|  57|0x0000000747200000, 0x0000000747200000, 0x0000000747400000|  0%| F|  |TAMS 0x0000000747200000, 0x0000000747200000| Untracked 
|  58|0x0000000747400000, 0x0000000747600000, 0x0000000747600000|100%| O|  |TAMS 0x0000000747600000, 0x0000000747400000| Untracked 
|  59|0x0000000747600000, 0x0000000747800000, 0x0000000747800000|100%| O|  |TAMS 0x0000000747800000, 0x0000000747600000| Untracked 
|  60|0x0000000747800000, 0x0000000747a00000, 0x0000000747a00000|100%| O|  |TAMS 0x0000000747a00000, 0x0000000747800000| Untracked 
|  61|0x0000000747a00000, 0x0000000747c00000, 0x0000000747c00000|100%| O|  |TAMS 0x0000000747c00000, 0x0000000747a00000| Complete 
|  62|0x0000000747c00000, 0x0000000747e00000, 0x0000000747e00000|100%| O|  |TAMS 0x0000000747e00000, 0x0000000747c00000| Untracked 
|  63|0x0000000747e00000, 0x0000000748000000, 0x0000000748000000|100%| O|  |TAMS 0x0000000748000000, 0x0000000747e00000| Untracked 
|  64|0x0000000748000000, 0x0000000748200000, 0x0000000748200000|100%| O|  |TAMS 0x0000000748200000, 0x0000000748000000| Untracked 
|  65|0x0000000748200000, 0x0000000748400000, 0x0000000748400000|100%| O|  |TAMS 0x0000000748400000, 0x0000000748200000| Untracked 
|  66|0x0000000748400000, 0x0000000748400000, 0x0000000748600000|  0%| F|  |TAMS 0x0000000748400000, 0x0000000748400000| Untracked 
|  67|0x0000000748600000, 0x0000000748800000, 0x0000000748800000|100%| O|  |TAMS 0x0000000748800000, 0x0000000748600000| Untracked 
|  68|0x0000000748800000, 0x0000000748a00000, 0x0000000748a00000|100%| O|  |TAMS 0x0000000748a00000, 0x0000000748800000| Untracked 
|  69|0x0000000748a00000, 0x0000000748c00000, 0x0000000748c00000|100%| O|  |TAMS 0x0000000748c00000, 0x0000000748a00000| Untracked 
|  70|0x0000000748c00000, 0x0000000748e00000, 0x0000000748e00000|100%| O|  |TAMS 0x0000000748e00000, 0x0000000748c00000| Untracked 
|  71|0x0000000748e00000, 0x0000000749000000, 0x0000000749000000|100%| O|  |TAMS 0x0000000749000000, 0x0000000748e00000| Untracked 
|  72|0x0000000749000000, 0x0000000749200000, 0x0000000749200000|100%| O|  |TAMS 0x0000000749000000, 0x0000000749000000| Untracked 
|  73|0x0000000749200000, 0x0000000749400000, 0x0000000749400000|100%| O|  |TAMS 0x0000000749400000, 0x0000000749200000| Untracked 
|  74|0x0000000749400000, 0x0000000749600000, 0x0000000749600000|100%| O|  |TAMS 0x0000000749600000, 0x0000000749400000| Untracked 
|  75|0x0000000749600000, 0x0000000749800000, 0x0000000749800000|100%| O|  |TAMS 0x0000000749800000, 0x0000000749600000| Untracked 
|  76|0x0000000749800000, 0x0000000749a00000, 0x0000000749a00000|100%| O|  |TAMS 0x0000000749a00000, 0x0000000749800000| Untracked 
|  77|0x0000000749a00000, 0x0000000749c00000, 0x0000000749c00000|100%| O|  |TAMS 0x0000000749c00000, 0x0000000749a00000| Complete 
|  78|0x0000000749c00000, 0x0000000749c00000, 0x0000000749e00000|  0%| F|  |TAMS 0x0000000749c00000, 0x0000000749c00000| Untracked 
|  79|0x0000000749e00000, 0x0000000749e00000, 0x000000074a000000|  0%| F|  |TAMS 0x0000000749e00000, 0x0000000749e00000| Untracked 
|  80|0x000000074a000000, 0x000000074a200000, 0x000000074a200000|100%| O|  |TAMS 0x000000074a200000, 0x000000074a000000| Untracked 
|  81|0x000000074a200000, 0x000000074a400000, 0x000000074a400000|100%| O|  |TAMS 0x000000074a400000, 0x000000074a200000| Untracked 
|  82|0x000000074a400000, 0x000000074a600000, 0x000000074a600000|100%| O|  |TAMS 0x000000074a600000, 0x000000074a400000| Untracked 
|  83|0x000000074a600000, 0x000000074a800000, 0x000000074a800000|100%| O|  |TAMS 0x000000074a600000, 0x000000074a600000| Untracked 
|  84|0x000000074a800000, 0x000000074aa00000, 0x000000074aa00000|100%| O|  |TAMS 0x000000074a800000, 0x000000074a800000| Untracked 
|  85|0x000000074aa00000, 0x000000074aa00000, 0x000000074ac00000|  0%| F|  |TAMS 0x000000074aa00000, 0x000000074aa00000| Untracked 
|  86|0x000000074ac00000, 0x000000074ae00000, 0x000000074ae00000|100%| O|  |TAMS 0x000000074ac00000, 0x000000074ac00000| Untracked 
|  87|0x000000074ae00000, 0x000000074ae00000, 0x000000074b000000|  0%| F|  |TAMS 0x000000074ae00000, 0x000000074ae00000| Untracked 
|  88|0x000000074b000000, 0x000000074b200000, 0x000000074b200000|100%| O|  |TAMS 0x000000074b200000, 0x000000074b000000| Untracked 
|  89|0x000000074b200000, 0x000000074b400000, 0x000000074b400000|100%| O|  |TAMS 0x000000074b400000, 0x000000074b200000| Untracked 
|  90|0x000000074b400000, 0x000000074b600000, 0x000000074b600000|100%| O|  |TAMS 0x000000074b600000, 0x000000074b400000| Untracked 
|  91|0x000000074b600000, 0x000000074b600000, 0x000000074b800000|  0%| F|  |TAMS 0x000000074b600000, 0x000000074b600000| Untracked 
|  92|0x000000074b800000, 0x000000074b800000, 0x000000074ba00000|  0%| F|  |TAMS 0x000000074b800000, 0x000000074b800000| Untracked 
|  93|0x000000074ba00000, 0x000000074ba00000, 0x000000074bc00000|  0%| F|  |TAMS 0x000000074ba00000, 0x000000074ba00000| Untracked 
|  94|0x000000074bc00000, 0x000000074bc00000, 0x000000074be00000|  0%| F|  |TAMS 0x000000074bc00000, 0x000000074bc00000| Untracked 
|  95|0x000000074be00000, 0x000000074c000000, 0x000000074c000000|100%| O|  |TAMS 0x000000074be00000, 0x000000074be00000| Untracked 
|  96|0x000000074c000000, 0x000000074c200000, 0x000000074c200000|100%| O|  |TAMS 0x000000074c000000, 0x000000074c000000| Untracked 
|  97|0x000000074c200000, 0x000000074c200000, 0x000000074c400000|  0%| F|  |TAMS 0x000000074c200000, 0x000000074c200000| Untracked 
|  98|0x000000074c400000, 0x000000074c400000, 0x000000074c600000|  0%| F|  |TAMS 0x000000074c400000, 0x000000074c400000| Untracked 
|  99|0x000000074c600000, 0x000000074c600000, 0x000000074c800000|  0%| F|  |TAMS 0x000000074c600000, 0x000000074c600000| Untracked 
| 100|0x000000074c800000, 0x000000074ca00000, 0x000000074ca00000|100%| O|  |TAMS 0x000000074c800000, 0x000000074c800000| Untracked 
| 101|0x000000074ca00000, 0x000000074ca00000, 0x000000074cc00000|  0%| F|  |TAMS 0x000000074ca00000, 0x000000074ca00000| Untracked 
| 102|0x000000074cc00000, 0x000000074cc00000, 0x000000074ce00000|  0%| F|  |TAMS 0x000000074cc00000, 0x000000074cc00000| Untracked 
| 103|0x000000074ce00000, 0x000000074ce00000, 0x000000074d000000|  0%| F|  |TAMS 0x000000074ce00000, 0x000000074ce00000| Untracked 
| 104|0x000000074d000000, 0x000000074d000000, 0x000000074d200000|  0%| F|  |TAMS 0x000000074d000000, 0x000000074d000000| Untracked 
| 105|0x000000074d200000, 0x000000074d200000, 0x000000074d400000|  0%| F|  |TAMS 0x000000074d200000, 0x000000074d200000| Untracked 
| 106|0x000000074d400000, 0x000000074d400000, 0x000000074d600000|  0%| F|  |TAMS 0x000000074d400000, 0x000000074d400000| Untracked 
| 107|0x000000074d600000, 0x000000074d600000, 0x000000074d800000|  0%| F|  |TAMS 0x000000074d600000, 0x000000074d600000| Untracked 
| 108|0x000000074d800000, 0x000000074d800000, 0x000000074da00000|  0%| F|  |TAMS 0x000000074d800000, 0x000000074d800000| Untracked 
| 109|0x000000074da00000, 0x000000074da00000, 0x000000074dc00000|  0%| F|  |TAMS 0x000000074da00000, 0x000000074da00000| Untracked 
| 110|0x000000074dc00000, 0x000000074dc00000, 0x000000074de00000|  0%| F|  |TAMS 0x000000074dc00000, 0x000000074dc00000| Untracked 
| 111|0x000000074de00000, 0x000000074de00000, 0x000000074e000000|  0%| F|  |TAMS 0x000000074de00000, 0x000000074de00000| Untracked 
| 112|0x000000074e000000, 0x000000074e000000, 0x000000074e200000|  0%| F|  |TAMS 0x000000074e000000, 0x000000074e000000| Untracked 
| 113|0x000000074e200000, 0x000000074e200000, 0x000000074e400000|  0%| F|  |TAMS 0x000000074e200000, 0x000000074e200000| Untracked 
| 114|0x000000074e400000, 0x000000074e400000, 0x000000074e600000|  0%| F|  |TAMS 0x000000074e400000, 0x000000074e400000| Untracked 
| 115|0x000000074e600000, 0x000000074e600000, 0x000000074e800000|  0%| F|  |TAMS 0x000000074e600000, 0x000000074e600000| Untracked 
| 116|0x000000074e800000, 0x000000074e800000, 0x000000074ea00000|  0%| F|  |TAMS 0x000000074e800000, 0x000000074e800000| Untracked 
| 117|0x000000074ea00000, 0x000000074ec00000, 0x000000074ec00000|100%| O|  |TAMS 0x000000074ea00000, 0x000000074ea00000| Untracked 
| 118|0x000000074ec00000, 0x000000074ee00000, 0x000000074ee00000|100%| O|  |TAMS 0x000000074ec00000, 0x000000074ec00000| Untracked 
| 119|0x000000074ee00000, 0x000000074f000000, 0x000000074f000000|100%| O|  |TAMS 0x000000074ee00000, 0x000000074ee00000| Untracked 
| 120|0x000000074f000000, 0x000000074f200000, 0x000000074f200000|100%| O|  |TAMS 0x000000074f000000, 0x000000074f000000| Untracked 
| 121|0x000000074f200000, 0x000000074f400000, 0x000000074f400000|100%| O|  |TAMS 0x000000074f200000, 0x000000074f200000| Untracked 
| 122|0x000000074f400000, 0x000000074f600000, 0x000000074f600000|100%| O|  |TAMS 0x000000074f400000, 0x000000074f400000| Untracked 
| 123|0x000000074f600000, 0x000000074f800000, 0x000000074f800000|100%| O|  |TAMS 0x000000074f600000, 0x000000074f600000| Untracked 
| 124|0x000000074f800000, 0x000000074fa00000, 0x000000074fa00000|100%| O|  |TAMS 0x000000074f800000, 0x000000074f800000| Untracked 
| 125|0x000000074fa00000, 0x000000074fc00000, 0x000000074fc00000|100%| O|  |TAMS 0x000000074fa00000, 0x000000074fa00000| Untracked 
| 126|0x000000074fc00000, 0x000000074fe00000, 0x000000074fe00000|100%| O|  |TAMS 0x000000074fc00000, 0x000000074fc00000| Untracked 
| 127|0x000000074fe00000, 0x0000000750000000, 0x0000000750000000|100%| O|  |TAMS 0x000000074fe00000, 0x000000074fe00000| Untracked 
| 128|0x0000000750000000, 0x0000000750200000, 0x0000000750200000|100%| O|  |TAMS 0x0000000750000000, 0x0000000750000000| Untracked 
| 129|0x0000000750200000, 0x0000000750400000, 0x0000000750400000|100%| O|  |TAMS 0x0000000750200000, 0x0000000750200000| Untracked 
| 130|0x0000000750400000, 0x0000000750600000, 0x0000000750600000|100%| O|  |TAMS 0x0000000750400000, 0x0000000750400000| Untracked 
| 131|0x0000000750600000, 0x0000000750800000, 0x0000000750800000|100%|HS|  |TAMS 0x0000000750600000, 0x0000000750600000| Complete 
| 132|0x0000000750800000, 0x0000000750a00000, 0x0000000750a00000|100%|HS|  |TAMS 0x0000000750800000, 0x0000000750800000| Complete 
| 133|0x0000000750a00000, 0x0000000750c00000, 0x0000000750c00000|100%|HS|  |TAMS 0x0000000750a00000, 0x0000000750a00000| Complete 
| 134|0x0000000750c00000, 0x0000000750e00000, 0x0000000750e00000|100%|HC|  |TAMS 0x0000000750c00000, 0x0000000750c00000| Complete 
| 135|0x0000000750e00000, 0x0000000751000000, 0x0000000751000000|100%|HS|  |TAMS 0x0000000750e00000, 0x0000000750e00000| Complete 
| 136|0x0000000751000000, 0x0000000751200000, 0x0000000751200000|100%|HC|  |TAMS 0x0000000751000000, 0x0000000751000000| Complete 
| 137|0x0000000751200000, 0x0000000751400000, 0x0000000751400000|100%|HC|  |TAMS 0x0000000751200000, 0x0000000751200000| Complete 
| 138|0x0000000751400000, 0x0000000751600000, 0x0000000751600000|100%|HS|  |TAMS 0x0000000751400000, 0x0000000751400000| Complete 
| 139|0x0000000751600000, 0x0000000751800000, 0x0000000751800000|100%|HC|  |TAMS 0x0000000751600000, 0x0000000751600000| Complete 
| 140|0x0000000751800000, 0x0000000751a00000, 0x0000000751a00000|100%|HC|  |TAMS 0x0000000751800000, 0x0000000751800000| Complete 
| 141|0x0000000751a00000, 0x0000000751a00000, 0x0000000751c00000|  0%| F|  |TAMS 0x0000000751a00000, 0x0000000751a00000| Untracked 
| 142|0x0000000751c00000, 0x0000000751c00000, 0x0000000751e00000|  0%| F|  |TAMS 0x0000000751c00000, 0x0000000751c00000| Untracked 
| 143|0x0000000751e00000, 0x0000000751e00000, 0x0000000752000000|  0%| F|  |TAMS 0x0000000751e00000, 0x0000000751e00000| Untracked 
| 144|0x0000000752000000, 0x0000000752000000, 0x0000000752200000|  0%| F|  |TAMS 0x0000000752000000, 0x0000000752000000| Untracked 
| 145|0x0000000752200000, 0x0000000752200000, 0x0000000752400000|  0%| F|  |TAMS 0x0000000752200000, 0x0000000752200000| Untracked 
| 146|0x0000000752400000, 0x0000000752400000, 0x0000000752600000|  0%| F|  |TAMS 0x0000000752400000, 0x0000000752400000| Untracked 
| 147|0x0000000752600000, 0x0000000752600000, 0x0000000752800000|  0%| F|  |TAMS 0x0000000752600000, 0x0000000752600000| Untracked 
| 148|0x0000000752800000, 0x0000000752800000, 0x0000000752a00000|  0%| F|  |TAMS 0x0000000752800000, 0x0000000752800000| Untracked 
| 149|0x0000000752a00000, 0x0000000752a00000, 0x0000000752c00000|  0%| F|  |TAMS 0x0000000752a00000, 0x0000000752a00000| Untracked 
| 150|0x0000000752c00000, 0x0000000752c00000, 0x0000000752e00000|  0%| F|  |TAMS 0x0000000752c00000, 0x0000000752c00000| Untracked 
| 151|0x0000000752e00000, 0x0000000752e00000, 0x0000000753000000|  0%| F|  |TAMS 0x0000000752e00000, 0x0000000752e00000| Untracked 
| 152|0x0000000753000000, 0x0000000753000000, 0x0000000753200000|  0%| F|  |TAMS 0x0000000753000000, 0x0000000753000000| Untracked 
| 153|0x0000000753200000, 0x0000000753200000, 0x0000000753400000|  0%| F|  |TAMS 0x0000000753200000, 0x0000000753200000| Untracked 
| 154|0x0000000753400000, 0x0000000753400000, 0x0000000753600000|  0%| F|  |TAMS 0x0000000753400000, 0x0000000753400000| Untracked 
| 155|0x0000000753600000, 0x0000000753600000, 0x0000000753800000|  0%| F|  |TAMS 0x0000000753600000, 0x0000000753600000| Untracked 
| 156|0x0000000753800000, 0x0000000753800000, 0x0000000753a00000|  0%| F|  |TAMS 0x0000000753800000, 0x0000000753800000| Untracked 
| 157|0x0000000753a00000, 0x0000000753a00000, 0x0000000753c00000|  0%| F|  |TAMS 0x0000000753a00000, 0x0000000753a00000| Untracked 
| 158|0x0000000753c00000, 0x0000000753c00000, 0x0000000753e00000|  0%| F|  |TAMS 0x0000000753c00000, 0x0000000753c00000| Untracked 
| 159|0x0000000753e00000, 0x0000000753e00000, 0x0000000754000000|  0%| F|  |TAMS 0x0000000753e00000, 0x0000000753e00000| Untracked 
| 160|0x0000000754000000, 0x0000000754000000, 0x0000000754200000|  0%| F|  |TAMS 0x0000000754000000, 0x0000000754000000| Untracked 
| 161|0x0000000754200000, 0x0000000754200000, 0x0000000754400000|  0%| F|  |TAMS 0x0000000754200000, 0x0000000754200000| Untracked 
| 162|0x0000000754400000, 0x0000000754400000, 0x0000000754600000|  0%| F|  |TAMS 0x0000000754400000, 0x0000000754400000| Untracked 
| 163|0x0000000754600000, 0x0000000754600000, 0x0000000754800000|  0%| F|  |TAMS 0x0000000754600000, 0x0000000754600000| Untracked 
| 164|0x0000000754800000, 0x0000000754800000, 0x0000000754a00000|  0%| F|  |TAMS 0x0000000754800000, 0x0000000754800000| Untracked 
| 165|0x0000000754a00000, 0x0000000754a00000, 0x0000000754c00000|  0%| F|  |TAMS 0x0000000754a00000, 0x0000000754a00000| Untracked 
| 166|0x0000000754c00000, 0x0000000754c00000, 0x0000000754e00000|  0%| F|  |TAMS 0x0000000754c00000, 0x0000000754c00000| Untracked 
| 167|0x0000000754e00000, 0x0000000754e00000, 0x0000000755000000|  0%| F|  |TAMS 0x0000000754e00000, 0x0000000754e00000| Untracked 
| 168|0x0000000755000000, 0x0000000755000000, 0x0000000755200000|  0%| F|  |TAMS 0x0000000755000000, 0x0000000755000000| Untracked 
| 169|0x0000000755200000, 0x0000000755200000, 0x0000000755400000|  0%| F|  |TAMS 0x0000000755200000, 0x0000000755200000| Untracked 
| 170|0x0000000755400000, 0x0000000755400000, 0x0000000755600000|  0%| F|  |TAMS 0x0000000755400000, 0x0000000755400000| Untracked 
| 171|0x0000000755600000, 0x0000000755600000, 0x0000000755800000|  0%| F|  |TAMS 0x0000000755600000, 0x0000000755600000| Untracked 
| 172|0x0000000755800000, 0x0000000755800000, 0x0000000755a00000|  0%| F|  |TAMS 0x0000000755800000, 0x0000000755800000| Untracked 
| 173|0x0000000755a00000, 0x0000000755a00000, 0x0000000755c00000|  0%| F|  |TAMS 0x0000000755a00000, 0x0000000755a00000| Untracked 
| 174|0x0000000755c00000, 0x0000000755c00000, 0x0000000755e00000|  0%| F|  |TAMS 0x0000000755c00000, 0x0000000755c00000| Untracked 
| 175|0x0000000755e00000, 0x0000000755e00000, 0x0000000756000000|  0%| F|  |TAMS 0x0000000755e00000, 0x0000000755e00000| Untracked 
| 176|0x0000000756000000, 0x0000000756000000, 0x0000000756200000|  0%| F|  |TAMS 0x0000000756000000, 0x0000000756000000| Untracked 
| 177|0x0000000756200000, 0x0000000756200000, 0x0000000756400000|  0%| F|  |TAMS 0x0000000756200000, 0x0000000756200000| Untracked 
| 178|0x0000000756400000, 0x0000000756400000, 0x0000000756600000|  0%| F|  |TAMS 0x0000000756400000, 0x0000000756400000| Untracked 
| 179|0x0000000756600000, 0x0000000756600000, 0x0000000756800000|  0%| F|  |TAMS 0x0000000756600000, 0x0000000756600000| Untracked 
| 180|0x0000000756800000, 0x0000000756800000, 0x0000000756a00000|  0%| F|  |TAMS 0x0000000756800000, 0x0000000756800000| Untracked 
| 181|0x0000000756a00000, 0x0000000756a00000, 0x0000000756c00000|  0%| F|  |TAMS 0x0000000756a00000, 0x0000000756a00000| Untracked 
| 182|0x0000000756c00000, 0x0000000756c00000, 0x0000000756e00000|  0%| F|  |TAMS 0x0000000756c00000, 0x0000000756c00000| Untracked 
| 183|0x0000000756e00000, 0x0000000756e00000, 0x0000000757000000|  0%| F|  |TAMS 0x0000000756e00000, 0x0000000756e00000| Untracked 
| 184|0x0000000757000000, 0x0000000757000000, 0x0000000757200000|  0%| F|  |TAMS 0x0000000757000000, 0x0000000757000000| Untracked 
| 185|0x0000000757200000, 0x0000000757400000, 0x0000000757400000|100%| O|  |TAMS 0x0000000757400000, 0x0000000757200000| Untracked 
| 186|0x0000000757400000, 0x0000000757400000, 0x0000000757600000|  0%| F|  |TAMS 0x0000000757400000, 0x0000000757400000| Untracked 
| 187|0x0000000757600000, 0x0000000757600000, 0x0000000757800000|  0%| F|  |TAMS 0x0000000757600000, 0x0000000757600000| Untracked 
| 188|0x0000000757800000, 0x0000000757800000, 0x0000000757a00000|  0%| F|  |TAMS 0x0000000757800000, 0x0000000757800000| Untracked 
| 189|0x0000000757a00000, 0x0000000757a00000, 0x0000000757c00000|  0%| F|  |TAMS 0x0000000757a00000, 0x0000000757a00000| Untracked 
| 190|0x0000000757c00000, 0x0000000757c00000, 0x0000000757e00000|  0%| F|  |TAMS 0x0000000757c00000, 0x0000000757c00000| Untracked 
| 191|0x0000000757e00000, 0x0000000757e00000, 0x0000000758000000|  0%| F|  |TAMS 0x0000000757e00000, 0x0000000757e00000| Untracked 
| 192|0x0000000758000000, 0x0000000758000000, 0x0000000758200000|  0%| F|  |TAMS 0x0000000758000000, 0x0000000758000000| Untracked 
| 193|0x0000000758200000, 0x0000000758200000, 0x0000000758400000|  0%| F|  |TAMS 0x0000000758200000, 0x0000000758200000| Untracked 
| 194|0x0000000758400000, 0x0000000758400000, 0x0000000758600000|  0%| F|  |TAMS 0x0000000758400000, 0x0000000758400000| Untracked 
| 195|0x0000000758600000, 0x0000000758600000, 0x0000000758800000|  0%| F|  |TAMS 0x0000000758600000, 0x0000000758600000| Untracked 
| 196|0x0000000758800000, 0x0000000758800000, 0x0000000758a00000|  0%| F|  |TAMS 0x0000000758800000, 0x0000000758800000| Untracked 
| 197|0x0000000758a00000, 0x0000000758a00000, 0x0000000758c00000|  0%| F|  |TAMS 0x0000000758a00000, 0x0000000758a00000| Untracked 
| 198|0x0000000758c00000, 0x0000000758c00000, 0x0000000758e00000|  0%| F|  |TAMS 0x0000000758c00000, 0x0000000758c00000| Untracked 
| 199|0x0000000758e00000, 0x0000000758e00000, 0x0000000759000000|  0%| F|  |TAMS 0x0000000758e00000, 0x0000000758e00000| Untracked 
| 200|0x0000000759000000, 0x0000000759000000, 0x0000000759200000|  0%| F|  |TAMS 0x0000000759000000, 0x0000000759000000| Untracked 
| 201|0x0000000759200000, 0x0000000759200000, 0x0000000759400000|  0%| F|  |TAMS 0x0000000759200000, 0x0000000759200000| Untracked 
| 202|0x0000000759400000, 0x0000000759400000, 0x0000000759600000|  0%| F|  |TAMS 0x0000000759400000, 0x0000000759400000| Untracked 
| 203|0x0000000759600000, 0x0000000759600000, 0x0000000759800000|  0%| F|  |TAMS 0x0000000759600000, 0x0000000759600000| Untracked 
| 204|0x0000000759800000, 0x0000000759800000, 0x0000000759a00000|  0%| F|  |TAMS 0x0000000759800000, 0x0000000759800000| Untracked 
| 205|0x0000000759a00000, 0x0000000759a00000, 0x0000000759c00000|  0%| F|  |TAMS 0x0000000759a00000, 0x0000000759a00000| Untracked 
| 206|0x0000000759c00000, 0x0000000759c00000, 0x0000000759e00000|  0%| F|  |TAMS 0x0000000759c00000, 0x0000000759c00000| Untracked 
| 207|0x0000000759e00000, 0x0000000759e00000, 0x000000075a000000|  0%| F|  |TAMS 0x0000000759e00000, 0x0000000759e00000| Untracked 
| 208|0x000000075a000000, 0x000000075a000000, 0x000000075a200000|  0%| F|  |TAMS 0x000000075a000000, 0x000000075a000000| Untracked 
| 209|0x000000075a200000, 0x000000075a200000, 0x000000075a400000|  0%| F|  |TAMS 0x000000075a200000, 0x000000075a200000| Untracked 
| 210|0x000000075a400000, 0x000000075a400000, 0x000000075a600000|  0%| F|  |TAMS 0x000000075a400000, 0x000000075a400000| Untracked 
| 211|0x000000075a600000, 0x000000075a600000, 0x000000075a800000|  0%| F|  |TAMS 0x000000075a600000, 0x000000075a600000| Untracked 
| 212|0x000000075a800000, 0x000000075a800000, 0x000000075aa00000|  0%| F|  |TAMS 0x000000075a800000, 0x000000075a800000| Untracked 
| 213|0x000000075aa00000, 0x000000075aa00000, 0x000000075ac00000|  0%| F|  |TAMS 0x000000075aa00000, 0x000000075aa00000| Untracked 
| 214|0x000000075ac00000, 0x000000075ac00000, 0x000000075ae00000|  0%| F|  |TAMS 0x000000075ac00000, 0x000000075ac00000| Untracked 
| 215|0x000000075ae00000, 0x000000075ae00000, 0x000000075b000000|  0%| F|  |TAMS 0x000000075ae00000, 0x000000075ae00000| Untracked 
| 216|0x000000075b000000, 0x000000075b000000, 0x000000075b200000|  0%| F|  |TAMS 0x000000075b000000, 0x000000075b000000| Untracked 
| 217|0x000000075b200000, 0x000000075b200000, 0x000000075b400000|  0%| F|  |TAMS 0x000000075b200000, 0x000000075b200000| Untracked 
| 218|0x000000075b400000, 0x000000075b400000, 0x000000075b600000|  0%| F|  |TAMS 0x000000075b400000, 0x000000075b400000| Untracked 
| 219|0x000000075b600000, 0x000000075b600000, 0x000000075b800000|  0%| F|  |TAMS 0x000000075b600000, 0x000000075b600000| Untracked 
| 220|0x000000075b800000, 0x000000075b800000, 0x000000075ba00000|  0%| F|  |TAMS 0x000000075b800000, 0x000000075b800000| Untracked 
| 221|0x000000075ba00000, 0x000000075ba00000, 0x000000075bc00000|  0%| F|  |TAMS 0x000000075ba00000, 0x000000075ba00000| Untracked 
| 222|0x000000075bc00000, 0x000000075bc00000, 0x000000075be00000|  0%| F|  |TAMS 0x000000075bc00000, 0x000000075bc00000| Untracked 
| 223|0x000000075be00000, 0x000000075be00000, 0x000000075c000000|  0%| F|  |TAMS 0x000000075be00000, 0x000000075be00000| Untracked 
| 224|0x000000075c000000, 0x000000075c000000, 0x000000075c200000|  0%| F|  |TAMS 0x000000075c000000, 0x000000075c000000| Untracked 
| 225|0x000000075c200000, 0x000000075c200000, 0x000000075c400000|  0%| F|  |TAMS 0x000000075c200000, 0x000000075c200000| Untracked 
| 226|0x000000075c400000, 0x000000075c400000, 0x000000075c600000|  0%| F|  |TAMS 0x000000075c400000, 0x000000075c400000| Untracked 
| 227|0x000000075c600000, 0x000000075c600000, 0x000000075c800000|  0%| F|  |TAMS 0x000000075c600000, 0x000000075c600000| Untracked 
| 228|0x000000075c800000, 0x000000075c800000, 0x000000075ca00000|  0%| F|  |TAMS 0x000000075c800000, 0x000000075c800000| Untracked 
| 229|0x000000075ca00000, 0x000000075ca00000, 0x000000075cc00000|  0%| F|  |TAMS 0x000000075ca00000, 0x000000075ca00000| Untracked 
| 230|0x000000075cc00000, 0x000000075cc00000, 0x000000075ce00000|  0%| F|  |TAMS 0x000000075cc00000, 0x000000075cc00000| Untracked 
| 231|0x000000075ce00000, 0x000000075ce00000, 0x000000075d000000|  0%| F|  |TAMS 0x000000075ce00000, 0x000000075ce00000| Untracked 
| 232|0x000000075d000000, 0x000000075d000000, 0x000000075d200000|  0%| F|  |TAMS 0x000000075d000000, 0x000000075d000000| Untracked 
| 233|0x000000075d200000, 0x000000075d200000, 0x000000075d400000|  0%| F|  |TAMS 0x000000075d200000, 0x000000075d200000| Untracked 
| 234|0x000000075d400000, 0x000000075d400000, 0x000000075d600000|  0%| F|  |TAMS 0x000000075d400000, 0x000000075d400000| Untracked 
| 235|0x000000075d600000, 0x000000075d600000, 0x000000075d800000|  0%| F|  |TAMS 0x000000075d600000, 0x000000075d600000| Untracked 
| 236|0x000000075d800000, 0x000000075d800000, 0x000000075da00000|  0%| F|  |TAMS 0x000000075d800000, 0x000000075d800000| Untracked 
| 237|0x000000075da00000, 0x000000075da00000, 0x000000075dc00000|  0%| F|  |TAMS 0x000000075da00000, 0x000000075da00000| Untracked 
| 238|0x000000075dc00000, 0x000000075dc00000, 0x000000075de00000|  0%| F|  |TAMS 0x000000075dc00000, 0x000000075dc00000| Untracked 
| 239|0x000000075de00000, 0x000000075e000000, 0x000000075e000000|100%| O|  |TAMS 0x000000075e000000, 0x000000075de00000| Complete 
| 240|0x000000075e000000, 0x000000075e000000, 0x000000075e200000|  0%| F|  |TAMS 0x000000075e000000, 0x000000075e000000| Untracked 
| 241|0x000000075e200000, 0x000000075e200000, 0x000000075e400000|  0%| F|  |TAMS 0x000000075e200000, 0x000000075e200000| Untracked 
| 242|0x000000075e400000, 0x000000075e600000, 0x000000075e600000|100%| O|  |TAMS 0x000000075e600000, 0x000000075e400000| Untracked 
| 243|0x000000075e600000, 0x000000075e600000, 0x000000075e800000|  0%| F|  |TAMS 0x000000075e600000, 0x000000075e600000| Untracked 
| 244|0x000000075e800000, 0x000000075e800000, 0x000000075ea00000|  0%| F|  |TAMS 0x000000075e800000, 0x000000075e800000| Untracked 
| 245|0x000000075ea00000, 0x000000075ea00000, 0x000000075ec00000|  0%| F|  |TAMS 0x000000075ea00000, 0x000000075ea00000| Untracked 
| 246|0x000000075ec00000, 0x000000075ec00000, 0x000000075ee00000|  0%| F|  |TAMS 0x000000075ec00000, 0x000000075ec00000| Untracked 
| 247|0x000000075ee00000, 0x000000075ee00000, 0x000000075f000000|  0%| F|  |TAMS 0x000000075ee00000, 0x000000075ee00000| Untracked 
| 248|0x000000075f000000, 0x000000075f000000, 0x000000075f200000|  0%| F|  |TAMS 0x000000075f000000, 0x000000075f000000| Untracked 
| 249|0x000000075f200000, 0x000000075f200000, 0x000000075f400000|  0%| F|  |TAMS 0x000000075f200000, 0x000000075f200000| Untracked 
| 250|0x000000075f400000, 0x000000075f400000, 0x000000075f600000|  0%| F|  |TAMS 0x000000075f400000, 0x000000075f400000| Untracked 
| 251|0x000000075f600000, 0x000000075f600000, 0x000000075f800000|  0%| F|  |TAMS 0x000000075f600000, 0x000000075f600000| Untracked 
| 252|0x000000075f800000, 0x000000075f800000, 0x000000075fa00000|  0%| F|  |TAMS 0x000000075f800000, 0x000000075f800000| Untracked 
| 253|0x000000075fa00000, 0x000000075fa00000, 0x000000075fc00000|  0%| F|  |TAMS 0x000000075fa00000, 0x000000075fa00000| Untracked 
| 254|0x000000075fc00000, 0x000000075fc00000, 0x000000075fe00000|  0%| F|  |TAMS 0x000000075fc00000, 0x000000075fc00000| Untracked 
| 255|0x000000075fe00000, 0x0000000760000000, 0x0000000760000000|100%| O|  |TAMS 0x0000000760000000, 0x000000075fe00000| Untracked 
| 256|0x0000000760000000, 0x0000000760200000, 0x0000000760200000|100%| O|  |TAMS 0x0000000760200000, 0x0000000760000000| Untracked 
| 257|0x0000000760200000, 0x0000000760400000, 0x0000000760400000|100%| O|  |TAMS 0x0000000760400000, 0x0000000760200000| Untracked 
| 258|0x0000000760400000, 0x0000000760600000, 0x0000000760600000|100%| O|  |TAMS 0x0000000760600000, 0x0000000760400000| Untracked 
| 259|0x0000000760600000, 0x0000000760600000, 0x0000000760800000|  0%| F|  |TAMS 0x0000000760600000, 0x0000000760600000| Untracked 
| 260|0x0000000760800000, 0x0000000760800000, 0x0000000760a00000|  0%| F|  |TAMS 0x0000000760800000, 0x0000000760800000| Untracked 
| 261|0x0000000760a00000, 0x0000000760a00000, 0x0000000760c00000|  0%| F|  |TAMS 0x0000000760a00000, 0x0000000760a00000| Untracked 
| 262|0x0000000760c00000, 0x0000000760c00000, 0x0000000760e00000|  0%| F|  |TAMS 0x0000000760c00000, 0x0000000760c00000| Untracked 
| 263|0x0000000760e00000, 0x0000000760e00000, 0x0000000761000000|  0%| F|  |TAMS 0x0000000760e00000, 0x0000000760e00000| Untracked 
| 264|0x0000000761000000, 0x0000000761000000, 0x0000000761200000|  0%| F|  |TAMS 0x0000000761000000, 0x0000000761000000| Untracked 
| 265|0x0000000761200000, 0x0000000761200000, 0x0000000761400000|  0%| F|  |TAMS 0x0000000761200000, 0x0000000761200000| Untracked 
| 266|0x0000000761400000, 0x0000000761600000, 0x0000000761600000|100%| O|  |TAMS 0x0000000761600000, 0x0000000761400000| Untracked 
| 267|0x0000000761600000, 0x0000000761600000, 0x0000000761800000|  0%| F|  |TAMS 0x0000000761600000, 0x0000000761600000| Untracked 
| 268|0x0000000761800000, 0x0000000761a00000, 0x0000000761a00000|100%| O|  |TAMS 0x0000000761a00000, 0x0000000761800000| Untracked 
| 269|0x0000000761a00000, 0x0000000761c00000, 0x0000000761c00000|100%| O|  |TAMS 0x0000000761c00000, 0x0000000761a00000| Untracked 
| 270|0x0000000761c00000, 0x0000000761c00000, 0x0000000761e00000|  0%| F|  |TAMS 0x0000000761c00000, 0x0000000761c00000| Untracked 
| 271|0x0000000761e00000, 0x0000000761e00000, 0x0000000762000000|  0%| F|  |TAMS 0x0000000761e00000, 0x0000000761e00000| Untracked 
| 272|0x0000000762000000, 0x0000000762000000, 0x0000000762200000|  0%| F|  |TAMS 0x0000000762000000, 0x0000000762000000| Untracked 
| 273|0x0000000762200000, 0x0000000762200000, 0x0000000762400000|  0%| F|  |TAMS 0x0000000762200000, 0x0000000762200000| Untracked 
| 274|0x0000000762400000, 0x0000000762400000, 0x0000000762600000|  0%| F|  |TAMS 0x0000000762400000, 0x0000000762400000| Untracked 
| 275|0x0000000762600000, 0x0000000762600000, 0x0000000762800000|  0%| F|  |TAMS 0x0000000762600000, 0x0000000762600000| Untracked 
| 276|0x0000000762800000, 0x0000000762800000, 0x0000000762a00000|  0%| F|  |TAMS 0x0000000762800000, 0x0000000762800000| Untracked 
| 277|0x0000000762a00000, 0x0000000762a00000, 0x0000000762c00000|  0%| F|  |TAMS 0x0000000762a00000, 0x0000000762a00000| Untracked 
| 278|0x0000000762c00000, 0x0000000762c00000, 0x0000000762e00000|  0%| F|  |TAMS 0x0000000762c00000, 0x0000000762c00000| Untracked 
| 279|0x0000000762e00000, 0x0000000762e00000, 0x0000000763000000|  0%| F|  |TAMS 0x0000000762e00000, 0x0000000762e00000| Untracked 
| 280|0x0000000763000000, 0x0000000763000000, 0x0000000763200000|  0%| F|  |TAMS 0x0000000763000000, 0x0000000763000000| Untracked 
| 281|0x0000000763200000, 0x0000000763200000, 0x0000000763400000|  0%| F|  |TAMS 0x0000000763200000, 0x0000000763200000| Untracked 
| 282|0x0000000763400000, 0x0000000763400000, 0x0000000763600000|  0%| F|  |TAMS 0x0000000763400000, 0x0000000763400000| Untracked 
| 283|0x0000000763600000, 0x0000000763600000, 0x0000000763800000|  0%| F|  |TAMS 0x0000000763600000, 0x0000000763600000| Untracked 
| 284|0x0000000763800000, 0x0000000763800000, 0x0000000763a00000|  0%| F|  |TAMS 0x0000000763800000, 0x0000000763800000| Untracked 
| 285|0x0000000763a00000, 0x0000000763a00000, 0x0000000763c00000|  0%| F|  |TAMS 0x0000000763a00000, 0x0000000763a00000| Untracked 
| 286|0x0000000763c00000, 0x0000000763c00000, 0x0000000763e00000|  0%| F|  |TAMS 0x0000000763c00000, 0x0000000763c00000| Untracked 
| 287|0x0000000763e00000, 0x0000000763e00000, 0x0000000764000000|  0%| F|  |TAMS 0x0000000763e00000, 0x0000000763e00000| Untracked 
| 288|0x0000000764000000, 0x0000000764000000, 0x0000000764200000|  0%| F|  |TAMS 0x0000000764000000, 0x0000000764000000| Untracked 
| 289|0x0000000764200000, 0x0000000764200000, 0x0000000764400000|  0%| F|  |TAMS 0x0000000764200000, 0x0000000764200000| Untracked 
| 290|0x0000000764400000, 0x0000000764400000, 0x0000000764600000|  0%| F|  |TAMS 0x0000000764400000, 0x0000000764400000| Untracked 
| 291|0x0000000764600000, 0x0000000764600000, 0x0000000764800000|  0%| F|  |TAMS 0x0000000764600000, 0x0000000764600000| Untracked 
| 292|0x0000000764800000, 0x0000000764800000, 0x0000000764a00000|  0%| F|  |TAMS 0x0000000764800000, 0x0000000764800000| Untracked 
| 293|0x0000000764a00000, 0x0000000764a00000, 0x0000000764c00000|  0%| F|  |TAMS 0x0000000764a00000, 0x0000000764a00000| Untracked 
| 294|0x0000000764c00000, 0x0000000764c00000, 0x0000000764e00000|  0%| F|  |TAMS 0x0000000764c00000, 0x0000000764c00000| Untracked 
| 295|0x0000000764e00000, 0x0000000764e00000, 0x0000000765000000|  0%| F|  |TAMS 0x0000000764e00000, 0x0000000764e00000| Untracked 
| 296|0x0000000765000000, 0x0000000765000000, 0x0000000765200000|  0%| F|  |TAMS 0x0000000765000000, 0x0000000765000000| Untracked 
| 297|0x0000000765200000, 0x0000000765200000, 0x0000000765400000|  0%| F|  |TAMS 0x0000000765200000, 0x0000000765200000| Untracked 
| 298|0x0000000765400000, 0x0000000765400000, 0x0000000765600000|  0%| F|  |TAMS 0x0000000765400000, 0x0000000765400000| Untracked 
| 299|0x0000000765600000, 0x0000000765600000, 0x0000000765800000|  0%| F|  |TAMS 0x0000000765600000, 0x0000000765600000| Untracked 
| 300|0x0000000765800000, 0x0000000765800000, 0x0000000765a00000|  0%| F|  |TAMS 0x0000000765800000, 0x0000000765800000| Untracked 
| 301|0x0000000765a00000, 0x0000000765a00000, 0x0000000765c00000|  0%| F|  |TAMS 0x0000000765a00000, 0x0000000765a00000| Untracked 
| 302|0x0000000765c00000, 0x0000000765c00000, 0x0000000765e00000|  0%| F|  |TAMS 0x0000000765c00000, 0x0000000765c00000| Untracked 
| 303|0x0000000765e00000, 0x0000000765e00000, 0x0000000766000000|  0%| F|  |TAMS 0x0000000765e00000, 0x0000000765e00000| Untracked 
| 304|0x0000000766000000, 0x0000000766000000, 0x0000000766200000|  0%| F|  |TAMS 0x0000000766000000, 0x0000000766000000| Untracked 
| 305|0x0000000766200000, 0x0000000766200000, 0x0000000766400000|  0%| F|  |TAMS 0x0000000766200000, 0x0000000766200000| Untracked 
| 306|0x0000000766400000, 0x0000000766400000, 0x0000000766600000|  0%| F|  |TAMS 0x0000000766400000, 0x0000000766400000| Untracked 
| 307|0x0000000766600000, 0x0000000766600000, 0x0000000766800000|  0%| F|  |TAMS 0x0000000766600000, 0x0000000766600000| Untracked 
| 308|0x0000000766800000, 0x0000000766800000, 0x0000000766a00000|  0%| F|  |TAMS 0x0000000766800000, 0x0000000766800000| Untracked 
| 309|0x0000000766a00000, 0x0000000766a00000, 0x0000000766c00000|  0%| F|  |TAMS 0x0000000766a00000, 0x0000000766a00000| Untracked 
| 310|0x0000000766c00000, 0x0000000766c00000, 0x0000000766e00000|  0%| F|  |TAMS 0x0000000766c00000, 0x0000000766c00000| Untracked 
| 311|0x0000000766e00000, 0x0000000766e00000, 0x0000000767000000|  0%| F|  |TAMS 0x0000000766e00000, 0x0000000766e00000| Untracked 
| 312|0x0000000767000000, 0x0000000767000000, 0x0000000767200000|  0%| F|  |TAMS 0x0000000767000000, 0x0000000767000000| Untracked 
| 313|0x0000000767200000, 0x0000000767200000, 0x0000000767400000|  0%| F|  |TAMS 0x0000000767200000, 0x0000000767200000| Untracked 
| 314|0x0000000767400000, 0x0000000767400000, 0x0000000767600000|  0%| F|  |TAMS 0x0000000767400000, 0x0000000767400000| Untracked 
| 315|0x0000000767600000, 0x0000000767600000, 0x0000000767800000|  0%| F|  |TAMS 0x0000000767600000, 0x0000000767600000| Untracked 
| 316|0x0000000767800000, 0x0000000767800000, 0x0000000767a00000|  0%| F|  |TAMS 0x0000000767800000, 0x0000000767800000| Untracked 
| 317|0x0000000767a00000, 0x0000000767a00000, 0x0000000767c00000|  0%| F|  |TAMS 0x0000000767a00000, 0x0000000767a00000| Untracked 
| 318|0x0000000767c00000, 0x0000000767c00000, 0x0000000767e00000|  0%| F|  |TAMS 0x0000000767c00000, 0x0000000767c00000| Untracked 
| 319|0x0000000767e00000, 0x0000000767e00000, 0x0000000768000000|  0%| F|  |TAMS 0x0000000767e00000, 0x0000000767e00000| Untracked 
| 320|0x0000000768000000, 0x0000000768000000, 0x0000000768200000|  0%| F|  |TAMS 0x0000000768000000, 0x0000000768000000| Untracked 
| 321|0x0000000768200000, 0x0000000768200000, 0x0000000768400000|  0%| F|  |TAMS 0x0000000768200000, 0x0000000768200000| Untracked 
| 322|0x0000000768400000, 0x0000000768400000, 0x0000000768600000|  0%| F|  |TAMS 0x0000000768400000, 0x0000000768400000| Untracked 
| 323|0x0000000768600000, 0x0000000768600000, 0x0000000768800000|  0%| F|  |TAMS 0x0000000768600000, 0x0000000768600000| Untracked 
| 324|0x0000000768800000, 0x0000000768800000, 0x0000000768a00000|  0%| F|  |TAMS 0x0000000768800000, 0x0000000768800000| Untracked 
| 325|0x0000000768a00000, 0x0000000768a00000, 0x0000000768c00000|  0%| F|  |TAMS 0x0000000768a00000, 0x0000000768a00000| Untracked 
| 326|0x0000000768c00000, 0x0000000768c00000, 0x0000000768e00000|  0%| F|  |TAMS 0x0000000768c00000, 0x0000000768c00000| Untracked 
| 327|0x0000000768e00000, 0x0000000768e00000, 0x0000000769000000|  0%| F|  |TAMS 0x0000000768e00000, 0x0000000768e00000| Untracked 
| 328|0x0000000769000000, 0x0000000769000000, 0x0000000769200000|  0%| F|  |TAMS 0x0000000769000000, 0x0000000769000000| Untracked 
| 329|0x0000000769200000, 0x0000000769200000, 0x0000000769400000|  0%| F|  |TAMS 0x0000000769200000, 0x0000000769200000| Untracked 
| 330|0x0000000769400000, 0x0000000769400000, 0x0000000769600000|  0%| F|  |TAMS 0x0000000769400000, 0x0000000769400000| Untracked 
| 331|0x0000000769600000, 0x0000000769600000, 0x0000000769800000|  0%| F|  |TAMS 0x0000000769600000, 0x0000000769600000| Untracked 
| 332|0x0000000769800000, 0x0000000769800000, 0x0000000769a00000|  0%| F|  |TAMS 0x0000000769800000, 0x0000000769800000| Untracked 
| 333|0x0000000769a00000, 0x0000000769a00000, 0x0000000769c00000|  0%| F|  |TAMS 0x0000000769a00000, 0x0000000769a00000| Untracked 
| 334|0x0000000769c00000, 0x0000000769c00000, 0x0000000769e00000|  0%| F|  |TAMS 0x0000000769c00000, 0x0000000769c00000| Untracked 
| 335|0x0000000769e00000, 0x0000000769e00000, 0x000000076a000000|  0%| F|  |TAMS 0x0000000769e00000, 0x0000000769e00000| Untracked 
| 336|0x000000076a000000, 0x000000076a000000, 0x000000076a200000|  0%| F|  |TAMS 0x000000076a000000, 0x000000076a000000| Untracked 
| 337|0x000000076a200000, 0x000000076a200000, 0x000000076a400000|  0%| F|  |TAMS 0x000000076a200000, 0x000000076a200000| Untracked 
| 338|0x000000076a400000, 0x000000076a400000, 0x000000076a600000|  0%| F|  |TAMS 0x000000076a400000, 0x000000076a400000| Untracked 
| 339|0x000000076a600000, 0x000000076a600000, 0x000000076a800000|  0%| F|  |TAMS 0x000000076a600000, 0x000000076a600000| Untracked 
| 340|0x000000076a800000, 0x000000076a800000, 0x000000076aa00000|  0%| F|  |TAMS 0x000000076a800000, 0x000000076a800000| Untracked 
| 341|0x000000076aa00000, 0x000000076aa00000, 0x000000076ac00000|  0%| F|  |TAMS 0x000000076aa00000, 0x000000076aa00000| Untracked 
| 342|0x000000076ac00000, 0x000000076ac00000, 0x000000076ae00000|  0%| F|  |TAMS 0x000000076ac00000, 0x000000076ac00000| Untracked 
| 343|0x000000076ae00000, 0x000000076ae00000, 0x000000076b000000|  0%| F|  |TAMS 0x000000076ae00000, 0x000000076ae00000| Untracked 
| 344|0x000000076b000000, 0x000000076b000000, 0x000000076b200000|  0%| F|  |TAMS 0x000000076b000000, 0x000000076b000000| Untracked 
| 345|0x000000076b200000, 0x000000076b200000, 0x000000076b400000|  0%| F|  |TAMS 0x000000076b200000, 0x000000076b200000| Untracked 
| 346|0x000000076b400000, 0x000000076b400000, 0x000000076b600000|  0%| F|  |TAMS 0x000000076b400000, 0x000000076b400000| Untracked 
| 347|0x000000076b600000, 0x000000076b600000, 0x000000076b800000|  0%| F|  |TAMS 0x000000076b600000, 0x000000076b600000| Untracked 
| 348|0x000000076b800000, 0x000000076b800000, 0x000000076ba00000|  0%| F|  |TAMS 0x000000076b800000, 0x000000076b800000| Untracked 
| 349|0x000000076ba00000, 0x000000076ba00000, 0x000000076bc00000|  0%| F|  |TAMS 0x000000076ba00000, 0x000000076ba00000| Untracked 
| 350|0x000000076bc00000, 0x000000076bc00000, 0x000000076be00000|  0%| F|  |TAMS 0x000000076bc00000, 0x000000076bc00000| Untracked 
| 351|0x000000076be00000, 0x000000076be00000, 0x000000076c000000|  0%| F|  |TAMS 0x000000076be00000, 0x000000076be00000| Untracked 
| 352|0x000000076c000000, 0x000000076c000000, 0x000000076c200000|  0%| F|  |TAMS 0x000000076c000000, 0x000000076c000000| Untracked 
| 353|0x000000076c200000, 0x000000076c200000, 0x000000076c400000|  0%| F|  |TAMS 0x000000076c200000, 0x000000076c200000| Untracked 
| 354|0x000000076c400000, 0x000000076c400000, 0x000000076c600000|  0%| F|  |TAMS 0x000000076c400000, 0x000000076c400000| Untracked 
| 355|0x000000076c600000, 0x000000076c600000, 0x000000076c800000|  0%| F|  |TAMS 0x000000076c600000, 0x000000076c600000| Untracked 
| 356|0x000000076c800000, 0x000000076c800000, 0x000000076ca00000|  0%| F|  |TAMS 0x000000076c800000, 0x000000076c800000| Untracked 
| 357|0x000000076ca00000, 0x000000076ca00000, 0x000000076cc00000|  0%| F|  |TAMS 0x000000076ca00000, 0x000000076ca00000| Untracked 
| 358|0x000000076cc00000, 0x000000076cc00000, 0x000000076ce00000|  0%| F|  |TAMS 0x000000076cc00000, 0x000000076cc00000| Untracked 
| 359|0x000000076ce00000, 0x000000076ce00000, 0x000000076d000000|  0%| F|  |TAMS 0x000000076ce00000, 0x000000076ce00000| Untracked 
| 360|0x000000076d000000, 0x000000076d000000, 0x000000076d200000|  0%| F|  |TAMS 0x000000076d000000, 0x000000076d000000| Untracked 
| 361|0x000000076d200000, 0x000000076d200000, 0x000000076d400000|  0%| F|  |TAMS 0x000000076d200000, 0x000000076d200000| Untracked 
| 362|0x000000076d400000, 0x000000076d400000, 0x000000076d600000|  0%| F|  |TAMS 0x000000076d400000, 0x000000076d400000| Untracked 
| 363|0x000000076d600000, 0x000000076d600000, 0x000000076d800000|  0%| F|  |TAMS 0x000000076d600000, 0x000000076d600000| Untracked 
| 364|0x000000076d800000, 0x000000076d800000, 0x000000076da00000|  0%| F|  |TAMS 0x000000076d800000, 0x000000076d800000| Untracked 
| 365|0x000000076da00000, 0x000000076da00000, 0x000000076dc00000|  0%| F|  |TAMS 0x000000076da00000, 0x000000076da00000| Untracked 
| 366|0x000000076dc00000, 0x000000076dc00000, 0x000000076de00000|  0%| F|  |TAMS 0x000000076dc00000, 0x000000076dc00000| Untracked 
| 367|0x000000076de00000, 0x000000076de00000, 0x000000076e000000|  0%| F|  |TAMS 0x000000076de00000, 0x000000076de00000| Untracked 
| 368|0x000000076e000000, 0x000000076e000000, 0x000000076e200000|  0%| F|  |TAMS 0x000000076e000000, 0x000000076e000000| Untracked 
| 369|0x000000076e200000, 0x000000076e200000, 0x000000076e400000|  0%| F|  |TAMS 0x000000076e200000, 0x000000076e200000| Untracked 
| 370|0x000000076e400000, 0x000000076e400000, 0x000000076e600000|  0%| F|  |TAMS 0x000000076e400000, 0x000000076e400000| Untracked 
| 371|0x000000076e600000, 0x000000076e600000, 0x000000076e800000|  0%| F|  |TAMS 0x000000076e600000, 0x000000076e600000| Untracked 
| 372|0x000000076e800000, 0x000000076e800000, 0x000000076ea00000|  0%| F|  |TAMS 0x000000076e800000, 0x000000076e800000| Untracked 
| 373|0x000000076ea00000, 0x000000076ea00000, 0x000000076ec00000|  0%| F|  |TAMS 0x000000076ea00000, 0x000000076ea00000| Untracked 
| 374|0x000000076ec00000, 0x000000076ec00000, 0x000000076ee00000|  0%| F|  |TAMS 0x000000076ec00000, 0x000000076ec00000| Untracked 
| 375|0x000000076ee00000, 0x000000076ef40630, 0x000000076f000000| 62%| E|  |TAMS 0x000000076ee00000, 0x000000076ee00000| Complete 
| 376|0x000000076f000000, 0x000000076f200000, 0x000000076f200000|100%| E|CS|TAMS 0x000000076f000000, 0x000000076f000000| Complete 
| 377|0x000000076f200000, 0x000000076f400000, 0x000000076f400000|100%| E|CS|TAMS 0x000000076f200000, 0x000000076f200000| Complete 
| 378|0x000000076f400000, 0x000000076f600000, 0x000000076f600000|100%| E|CS|TAMS 0x000000076f400000, 0x000000076f400000| Complete 
| 379|0x000000076f600000, 0x000000076f800000, 0x000000076f800000|100%| E|CS|TAMS 0x000000076f600000, 0x000000076f600000| Complete 
| 380|0x000000076f800000, 0x000000076fa00000, 0x000000076fa00000|100%| E|CS|TAMS 0x000000076f800000, 0x000000076f800000| Complete 
| 381|0x000000076fa00000, 0x000000076fc00000, 0x000000076fc00000|100%| E|CS|TAMS 0x000000076fa00000, 0x000000076fa00000| Complete 
| 382|0x000000076fc00000, 0x000000076fe00000, 0x000000076fe00000|100%| E|CS|TAMS 0x000000076fc00000, 0x000000076fc00000| Complete 
| 383|0x000000076fe00000, 0x0000000770000000, 0x0000000770000000|100%| E|CS|TAMS 0x000000076fe00000, 0x000000076fe00000| Complete 
| 384|0x0000000770000000, 0x0000000770200000, 0x0000000770200000|100%| E|CS|TAMS 0x0000000770000000, 0x0000000770000000| Complete 
| 385|0x0000000770200000, 0x0000000770400000, 0x0000000770400000|100%| E|CS|TAMS 0x0000000770200000, 0x0000000770200000| Complete 
| 386|0x0000000770400000, 0x0000000770600000, 0x0000000770600000|100%| E|CS|TAMS 0x0000000770400000, 0x0000000770400000| Complete 
| 387|0x0000000770600000, 0x0000000770800000, 0x0000000770800000|100%| E|CS|TAMS 0x0000000770600000, 0x0000000770600000| Complete 
| 388|0x0000000770800000, 0x0000000770a00000, 0x0000000770a00000|100%| E|CS|TAMS 0x0000000770800000, 0x0000000770800000| Complete 
| 389|0x0000000770a00000, 0x0000000770c00000, 0x0000000770c00000|100%| E|CS|TAMS 0x0000000770a00000, 0x0000000770a00000| Complete 
| 390|0x0000000770c00000, 0x0000000770e00000, 0x0000000770e00000|100%| E|CS|TAMS 0x0000000770c00000, 0x0000000770c00000| Complete 
| 391|0x0000000770e00000, 0x0000000771000000, 0x0000000771000000|100%| E|CS|TAMS 0x0000000770e00000, 0x0000000770e00000| Complete 
| 392|0x0000000771000000, 0x0000000771200000, 0x0000000771200000|100%| E|CS|TAMS 0x0000000771000000, 0x0000000771000000| Complete 
| 393|0x0000000771200000, 0x0000000771400000, 0x0000000771400000|100%| E|CS|TAMS 0x0000000771200000, 0x0000000771200000| Complete 
| 394|0x0000000771400000, 0x0000000771600000, 0x0000000771600000|100%| E|CS|TAMS 0x0000000771400000, 0x0000000771400000| Complete 
| 395|0x0000000771600000, 0x0000000771800000, 0x0000000771800000|100%| E|CS|TAMS 0x0000000771600000, 0x0000000771600000| Complete 
| 396|0x0000000771800000, 0x0000000771a00000, 0x0000000771a00000|100%| E|CS|TAMS 0x0000000771800000, 0x0000000771800000| Complete 
| 397|0x0000000771a00000, 0x0000000771c00000, 0x0000000771c00000|100%| E|CS|TAMS 0x0000000771a00000, 0x0000000771a00000| Complete 
| 398|0x0000000771c00000, 0x0000000771e00000, 0x0000000771e00000|100%| E|CS|TAMS 0x0000000771c00000, 0x0000000771c00000| Complete 
| 399|0x0000000771e00000, 0x0000000772000000, 0x0000000772000000|100%| E|CS|TAMS 0x0000000771e00000, 0x0000000771e00000| Complete 
| 400|0x0000000772000000, 0x0000000772200000, 0x0000000772200000|100%| E|CS|TAMS 0x0000000772000000, 0x0000000772000000| Complete 
| 401|0x0000000772200000, 0x0000000772400000, 0x0000000772400000|100%| E|CS|TAMS 0x0000000772200000, 0x0000000772200000| Complete 
| 402|0x0000000772400000, 0x0000000772600000, 0x0000000772600000|100%| E|CS|TAMS 0x0000000772400000, 0x0000000772400000| Complete 
| 403|0x0000000772600000, 0x0000000772800000, 0x0000000772800000|100%| E|CS|TAMS 0x0000000772600000, 0x0000000772600000| Complete 
| 404|0x0000000772800000, 0x0000000772a00000, 0x0000000772a00000|100%| E|CS|TAMS 0x0000000772800000, 0x0000000772800000| Complete 
| 405|0x0000000772a00000, 0x0000000772c00000, 0x0000000772c00000|100%| E|CS|TAMS 0x0000000772a00000, 0x0000000772a00000| Complete 
| 406|0x0000000772c00000, 0x0000000772e00000, 0x0000000772e00000|100%| E|CS|TAMS 0x0000000772c00000, 0x0000000772c00000| Complete 
| 407|0x0000000772e00000, 0x0000000773000000, 0x0000000773000000|100%| E|CS|TAMS 0x0000000772e00000, 0x0000000772e00000| Complete 
| 408|0x0000000773000000, 0x0000000773200000, 0x0000000773200000|100%| E|CS|TAMS 0x0000000773000000, 0x0000000773000000| Complete 
| 409|0x0000000773200000, 0x0000000773400000, 0x0000000773400000|100%| E|CS|TAMS 0x0000000773200000, 0x0000000773200000| Complete 
| 410|0x0000000773400000, 0x0000000773600000, 0x0000000773600000|100%| E|CS|TAMS 0x0000000773400000, 0x0000000773400000| Complete 
| 411|0x0000000773600000, 0x0000000773800000, 0x0000000773800000|100%| E|CS|TAMS 0x0000000773600000, 0x0000000773600000| Complete 
| 412|0x0000000773800000, 0x0000000773a00000, 0x0000000773a00000|100%| E|CS|TAMS 0x0000000773800000, 0x0000000773800000| Complete 
| 413|0x0000000773a00000, 0x0000000773c00000, 0x0000000773c00000|100%| E|CS|TAMS 0x0000000773a00000, 0x0000000773a00000| Complete 
| 414|0x0000000773c00000, 0x0000000773e00000, 0x0000000773e00000|100%| E|CS|TAMS 0x0000000773c00000, 0x0000000773c00000| Complete 
| 415|0x0000000773e00000, 0x0000000774000000, 0x0000000774000000|100%| E|CS|TAMS 0x0000000773e00000, 0x0000000773e00000| Complete 
| 416|0x0000000774000000, 0x0000000774200000, 0x0000000774200000|100%| E|CS|TAMS 0x0000000774000000, 0x0000000774000000| Complete 
| 417|0x0000000774200000, 0x0000000774400000, 0x0000000774400000|100%| E|CS|TAMS 0x0000000774200000, 0x0000000774200000| Complete 
| 418|0x0000000774400000, 0x0000000774600000, 0x0000000774600000|100%| E|CS|TAMS 0x0000000774400000, 0x0000000774400000| Complete 
| 419|0x0000000774600000, 0x0000000774800000, 0x0000000774800000|100%| E|CS|TAMS 0x0000000774600000, 0x0000000774600000| Complete 
| 420|0x0000000774800000, 0x0000000774a00000, 0x0000000774a00000|100%| E|CS|TAMS 0x0000000774800000, 0x0000000774800000| Complete 
| 421|0x0000000774a00000, 0x0000000774c00000, 0x0000000774c00000|100%| E|CS|TAMS 0x0000000774a00000, 0x0000000774a00000| Complete 
| 422|0x0000000774c00000, 0x0000000774e00000, 0x0000000774e00000|100%| E|CS|TAMS 0x0000000774c00000, 0x0000000774c00000| Complete 
| 423|0x0000000774e00000, 0x0000000775000000, 0x0000000775000000|100%| E|CS|TAMS 0x0000000774e00000, 0x0000000774e00000| Complete 
| 424|0x0000000775000000, 0x0000000775200000, 0x0000000775200000|100%| E|CS|TAMS 0x0000000775000000, 0x0000000775000000| Complete 
| 425|0x0000000775200000, 0x0000000775400000, 0x0000000775400000|100%| E|CS|TAMS 0x0000000775200000, 0x0000000775200000| Complete 
| 426|0x0000000775400000, 0x0000000775600000, 0x0000000775600000|100%| E|CS|TAMS 0x0000000775400000, 0x0000000775400000| Complete 
| 427|0x0000000775600000, 0x0000000775800000, 0x0000000775800000|100%| E|CS|TAMS 0x0000000775600000, 0x0000000775600000| Complete 
| 428|0x0000000775800000, 0x0000000775a00000, 0x0000000775a00000|100%| E|CS|TAMS 0x0000000775800000, 0x0000000775800000| Complete 
| 429|0x0000000775a00000, 0x0000000775c00000, 0x0000000775c00000|100%| E|CS|TAMS 0x0000000775a00000, 0x0000000775a00000| Complete 
| 430|0x0000000775c00000, 0x0000000775e00000, 0x0000000775e00000|100%| E|CS|TAMS 0x0000000775c00000, 0x0000000775c00000| Complete 
| 431|0x0000000775e00000, 0x0000000776000000, 0x0000000776000000|100%| E|CS|TAMS 0x0000000775e00000, 0x0000000775e00000| Complete 
| 432|0x0000000776000000, 0x0000000776200000, 0x0000000776200000|100%| E|CS|TAMS 0x0000000776000000, 0x0000000776000000| Complete 
| 433|0x0000000776200000, 0x0000000776400000, 0x0000000776400000|100%| E|CS|TAMS 0x0000000776200000, 0x0000000776200000| Complete 
| 434|0x0000000776400000, 0x0000000776600000, 0x0000000776600000|100%| E|CS|TAMS 0x0000000776400000, 0x0000000776400000| Complete 
| 435|0x0000000776600000, 0x0000000776800000, 0x0000000776800000|100%| E|CS|TAMS 0x0000000776600000, 0x0000000776600000| Complete 
| 436|0x0000000776800000, 0x0000000776a00000, 0x0000000776a00000|100%| E|CS|TAMS 0x0000000776800000, 0x0000000776800000| Complete 
| 437|0x0000000776a00000, 0x0000000776c00000, 0x0000000776c00000|100%| E|CS|TAMS 0x0000000776a00000, 0x0000000776a00000| Complete 
| 438|0x0000000776c00000, 0x0000000776e00000, 0x0000000776e00000|100%| E|CS|TAMS 0x0000000776c00000, 0x0000000776c00000| Complete 
| 439|0x0000000776e00000, 0x0000000777000000, 0x0000000777000000|100%| E|CS|TAMS 0x0000000776e00000, 0x0000000776e00000| Complete 
| 440|0x0000000777000000, 0x0000000777200000, 0x0000000777200000|100%| E|CS|TAMS 0x0000000777000000, 0x0000000777000000| Complete 
| 441|0x0000000777200000, 0x0000000777400000, 0x0000000777400000|100%| E|CS|TAMS 0x0000000777200000, 0x0000000777200000| Complete 
| 442|0x0000000777400000, 0x0000000777600000, 0x0000000777600000|100%| E|CS|TAMS 0x0000000777400000, 0x0000000777400000| Complete 
| 443|0x0000000777600000, 0x0000000777800000, 0x0000000777800000|100%| E|CS|TAMS 0x0000000777600000, 0x0000000777600000| Complete 
| 444|0x0000000777800000, 0x0000000777a00000, 0x0000000777a00000|100%| E|CS|TAMS 0x0000000777800000, 0x0000000777800000| Complete 
| 445|0x0000000777a00000, 0x0000000777c00000, 0x0000000777c00000|100%| E|CS|TAMS 0x0000000777a00000, 0x0000000777a00000| Complete 
| 446|0x0000000777c00000, 0x0000000777e00000, 0x0000000777e00000|100%| E|CS|TAMS 0x0000000777c00000, 0x0000000777c00000| Complete 
| 447|0x0000000777e00000, 0x0000000778000000, 0x0000000778000000|100%| E|CS|TAMS 0x0000000777e00000, 0x0000000777e00000| Complete 
| 448|0x0000000778000000, 0x0000000778200000, 0x0000000778200000|100%| E|CS|TAMS 0x0000000778000000, 0x0000000778000000| Complete 
| 449|0x0000000778200000, 0x0000000778400000, 0x0000000778400000|100%| E|CS|TAMS 0x0000000778200000, 0x0000000778200000| Complete 
| 450|0x0000000778400000, 0x0000000778600000, 0x0000000778600000|100%| E|CS|TAMS 0x0000000778400000, 0x0000000778400000| Complete 
| 451|0x0000000778600000, 0x0000000778800000, 0x0000000778800000|100%| E|CS|TAMS 0x0000000778600000, 0x0000000778600000| Complete 
| 452|0x0000000778800000, 0x0000000778a00000, 0x0000000778a00000|100%| E|CS|TAMS 0x0000000778800000, 0x0000000778800000| Complete 
| 453|0x0000000778a00000, 0x0000000778c00000, 0x0000000778c00000|100%| E|CS|TAMS 0x0000000778a00000, 0x0000000778a00000| Complete 
| 454|0x0000000778c00000, 0x0000000778e00000, 0x0000000778e00000|100%| E|CS|TAMS 0x0000000778c00000, 0x0000000778c00000| Complete 
| 455|0x0000000778e00000, 0x0000000779000000, 0x0000000779000000|100%| E|CS|TAMS 0x0000000778e00000, 0x0000000778e00000| Complete 
| 456|0x0000000779000000, 0x0000000779200000, 0x0000000779200000|100%| E|CS|TAMS 0x0000000779000000, 0x0000000779000000| Complete 
| 457|0x0000000779200000, 0x0000000779400000, 0x0000000779400000|100%| E|CS|TAMS 0x0000000779200000, 0x0000000779200000| Complete 
| 458|0x0000000779400000, 0x0000000779600000, 0x0000000779600000|100%| E|CS|TAMS 0x0000000779400000, 0x0000000779400000| Complete 
| 459|0x0000000779600000, 0x0000000779800000, 0x0000000779800000|100%| E|CS|TAMS 0x0000000779600000, 0x0000000779600000| Complete 
| 460|0x0000000779800000, 0x0000000779a00000, 0x0000000779a00000|100%| E|CS|TAMS 0x0000000779800000, 0x0000000779800000| Complete 
| 461|0x0000000779a00000, 0x0000000779c00000, 0x0000000779c00000|100%| E|CS|TAMS 0x0000000779a00000, 0x0000000779a00000| Complete 
| 462|0x0000000779c00000, 0x0000000779e00000, 0x0000000779e00000|100%| E|CS|TAMS 0x0000000779c00000, 0x0000000779c00000| Complete 
| 463|0x0000000779e00000, 0x000000077a000000, 0x000000077a000000|100%| E|CS|TAMS 0x0000000779e00000, 0x0000000779e00000| Complete 
| 464|0x000000077a000000, 0x000000077a200000, 0x000000077a200000|100%| E|CS|TAMS 0x000000077a000000, 0x000000077a000000| Complete 
| 465|0x000000077a200000, 0x000000077a400000, 0x000000077a400000|100%| E|CS|TAMS 0x000000077a200000, 0x000000077a200000| Complete 
| 466|0x000000077a400000, 0x000000077a600000, 0x000000077a600000|100%| S|CS|TAMS 0x000000077a400000, 0x000000077a400000| Complete 
| 467|0x000000077a600000, 0x000000077a800000, 0x000000077a800000|100%| S|CS|TAMS 0x000000077a600000, 0x000000077a600000| Complete 
| 468|0x000000077a800000, 0x000000077aa00000, 0x000000077aa00000|100%| S|CS|TAMS 0x000000077a800000, 0x000000077a800000| Complete 
| 469|0x000000077aa00000, 0x000000077ac00000, 0x000000077ac00000|100%| S|CS|TAMS 0x000000077aa00000, 0x000000077aa00000| Complete 
| 470|0x000000077ac00000, 0x000000077ae00000, 0x000000077ae00000|100%| S|CS|TAMS 0x000000077ac00000, 0x000000077ac00000| Complete 
| 471|0x000000077ae00000, 0x000000077b000000, 0x000000077b000000|100%| S|CS|TAMS 0x000000077ae00000, 0x000000077ae00000| Complete 
| 472|0x000000077b000000, 0x000000077b200000, 0x000000077b200000|100%| S|CS|TAMS 0x000000077b000000, 0x000000077b000000| Complete 
| 473|0x000000077b200000, 0x000000077b400000, 0x000000077b400000|100%| S|CS|TAMS 0x000000077b200000, 0x000000077b200000| Complete 
| 474|0x000000077b400000, 0x000000077b600000, 0x000000077b600000|100%| S|CS|TAMS 0x000000077b400000, 0x000000077b400000| Complete 
| 475|0x000000077b600000, 0x000000077b800000, 0x000000077b800000|100%| S|CS|TAMS 0x000000077b600000, 0x000000077b600000| Complete 
| 476|0x000000077b800000, 0x000000077ba00000, 0x000000077ba00000|100%| S|CS|TAMS 0x000000077b800000, 0x000000077b800000| Complete 
| 477|0x000000077ba00000, 0x000000077bc00000, 0x000000077bc00000|100%| S|CS|TAMS 0x000000077ba00000, 0x000000077ba00000| Complete 
| 478|0x000000077bc00000, 0x000000077be00000, 0x000000077be00000|100%| S|CS|TAMS 0x000000077bc00000, 0x000000077bc00000| Complete 
| 479|0x000000077be00000, 0x000000077c000000, 0x000000077c000000|100%| S|CS|TAMS 0x000000077be00000, 0x000000077be00000| Complete 
| 480|0x000000077c000000, 0x000000077c200000, 0x000000077c200000|100%| S|CS|TAMS 0x000000077c000000, 0x000000077c000000| Complete 
| 481|0x000000077c200000, 0x000000077c400000, 0x000000077c400000|100%| S|CS|TAMS 0x000000077c200000, 0x000000077c200000| Complete 
| 482|0x000000077c400000, 0x000000077c600000, 0x000000077c600000|100%| S|CS|TAMS 0x000000077c400000, 0x000000077c400000| Complete 
| 483|0x000000077c600000, 0x000000077c800000, 0x000000077c800000|100%| S|CS|TAMS 0x000000077c600000, 0x000000077c600000| Complete 
| 484|0x000000077c800000, 0x000000077ca00000, 0x000000077ca00000|100%| S|CS|TAMS 0x000000077c800000, 0x000000077c800000| Complete 
| 485|0x000000077ca00000, 0x000000077cc00000, 0x000000077cc00000|100%| S|CS|TAMS 0x000000077ca00000, 0x000000077ca00000| Complete 
| 486|0x000000077cc00000, 0x000000077ce00000, 0x000000077ce00000|100%| S|CS|TAMS 0x000000077cc00000, 0x000000077cc00000| Complete 
| 487|0x000000077ce00000, 0x000000077d000000, 0x000000077d000000|100%| S|CS|TAMS 0x000000077ce00000, 0x000000077ce00000| Complete 
| 488|0x000000077d000000, 0x000000077d200000, 0x000000077d200000|100%| S|CS|TAMS 0x000000077d000000, 0x000000077d000000| Complete 
| 489|0x000000077d200000, 0x000000077d400000, 0x000000077d400000|100%| E|CS|TAMS 0x000000077d200000, 0x000000077d200000| Complete 
| 490|0x000000077d400000, 0x000000077d600000, 0x000000077d600000|100%| E|CS|TAMS 0x000000077d400000, 0x000000077d400000| Complete 
| 491|0x000000077d600000, 0x000000077d800000, 0x000000077d800000|100%| E|CS|TAMS 0x000000077d600000, 0x000000077d600000| Complete 
| 492|0x000000077d800000, 0x000000077da00000, 0x000000077da00000|100%| E|CS|TAMS 0x000000077d800000, 0x000000077d800000| Complete 
| 493|0x000000077da00000, 0x000000077dc00000, 0x000000077dc00000|100%| E|CS|TAMS 0x000000077da00000, 0x000000077da00000| Complete 
| 494|0x000000077dc00000, 0x000000077de00000, 0x000000077de00000|100%| E|CS|TAMS 0x000000077dc00000, 0x000000077dc00000| Complete 
| 495|0x000000077de00000, 0x000000077e000000, 0x000000077e000000|100%| E|CS|TAMS 0x000000077de00000, 0x000000077de00000| Complete 
| 496|0x000000077e000000, 0x000000077e200000, 0x000000077e200000|100%| E|CS|TAMS 0x000000077e000000, 0x000000077e000000| Complete 
| 497|0x000000077e200000, 0x000000077e400000, 0x000000077e400000|100%| E|CS|TAMS 0x000000077e200000, 0x000000077e200000| Complete 
| 498|0x000000077e400000, 0x000000077e600000, 0x000000077e600000|100%| E|CS|TAMS 0x000000077e400000, 0x000000077e400000| Complete 
| 509|0x000000077fa00000, 0x000000077fc00000, 0x000000077fc00000|100%| E|CS|TAMS 0x000000077fa00000, 0x000000077fa00000| Complete 
| 510|0x000000077fc00000, 0x000000077fe00000, 0x000000077fe00000|100%| E|CS|TAMS 0x000000077fc00000, 0x000000077fc00000| Complete 
| 880|0x00000007ae000000, 0x00000007ae200000, 0x00000007ae200000|100%| E|CS|TAMS 0x00000007ae000000, 0x00000007ae000000| Complete 
| 881|0x00000007ae200000, 0x00000007ae400000, 0x00000007ae400000|100%| E|  |TAMS 0x00000007ae200000, 0x00000007ae200000| Complete 
| 882|0x00000007ae400000, 0x00000007ae600000, 0x00000007ae600000|100%| E|CS|TAMS 0x00000007ae400000, 0x00000007ae400000| Complete 
| 883|0x00000007ae600000, 0x00000007ae800000, 0x00000007ae800000|100%| E|CS|TAMS 0x00000007ae600000, 0x00000007ae600000| Complete 
| 884|0x00000007ae800000, 0x00000007aea00000, 0x00000007aea00000|100%| E|CS|TAMS 0x00000007ae800000, 0x00000007ae800000| Complete 
| 885|0x00000007aea00000, 0x00000007aec00000, 0x00000007aec00000|100%| E|CS|TAMS 0x00000007aea00000, 0x00000007aea00000| Complete 
| 886|0x00000007aec00000, 0x00000007aee00000, 0x00000007aee00000|100%| E|CS|TAMS 0x00000007aec00000, 0x00000007aec00000| Complete 
| 887|0x00000007aee00000, 0x00000007af000000, 0x00000007af000000|100%| E|CS|TAMS 0x00000007aee00000, 0x00000007aee00000| Complete 
|1531|0x00000007ff600000, 0x00000007ff800000, 0x00000007ff800000|100%| E|CS|TAMS 0x00000007ff600000, 0x00000007ff600000| Complete 
|1532|0x00000007ff800000, 0x00000007ffa00000, 0x00000007ffa00000|100%| E|CS|TAMS 0x00000007ff800000, 0x00000007ff800000| Complete 
|1533|0x00000007ffa00000, 0x00000007ffc00000, 0x00000007ffc00000|100%| E|CS|TAMS 0x00000007ffa00000, 0x00000007ffa00000| Complete 
|1534|0x00000007ffc00000, 0x00000007ffe00000, 0x00000007ffe00000|100%| E|CS|TAMS 0x00000007ffc00000, 0x00000007ffc00000| Complete 
|1535|0x00000007ffe00000, 0x0000000800000000, 0x0000000800000000|100%| E|CS|TAMS 0x00000007ffe00000, 0x00000007ffe00000| Complete 

Card table byte_map: [0x0000023024b10000,0x0000023025110000] _byte_map_base: 0x0000023021110000

Marking Bits (Prev, Next): (CMBitMap*) 0x000002300d4b79c0, (CMBitMap*) 0x000002300d4b7980
 Prev Bits: [0x0000023028710000, 0x000002302b710000)
 Next Bits: [0x0000023025710000, 0x0000023028710000)

Polling page: 0x000002300b3e0000

Metaspace:

Usage:
  Non-class:     76.52 MB used.
      Class:     12.04 MB used.
       Both:     88.56 MB used.

Virtual space:
  Non-class space:      128.00 MB reserved,      77.06 MB ( 60%) committed,  2 nodes.
      Class space:        1.00 GB reserved,      12.50 MB (  1%) committed,  1 nodes.
             Both:        1.12 GB reserved,      89.56 MB (  8%) committed. 

Chunk freelists:
   Non-Class:  2.98 MB
       Class:  3.52 MB
        Both:  6.50 MB

MaxMetaspaceSize: unlimited
CompressedClassSpaceSize: 1.00 GB
Initial GC threshold: 21.00 MB
Current GC threshold: 148.88 MB
CDS: on
MetaspaceReclaimPolicy: balanced
 - commit_granule_bytes: 65536.
 - commit_granule_words: 8192.
 - virtual_space_node_default_size: 8388608.
 - enlarge_chunks_in_place: 1.
 - new_chunks_are_fully_committed: 0.
 - uncommit_free_chunks: 1.
 - use_allocation_guard: 0.
 - handle_deallocations: 1.


Internal statistics:

num_allocs_failed_limit: 6.
num_arena_births: 1318.
num_arena_deaths: 4.
num_vsnodes_births: 3.
num_vsnodes_deaths: 0.
num_space_committed: 1433.
num_space_uncommitted: 0.
num_chunks_returned_to_freelist: 12.
num_chunks_taken_from_freelist: 5134.
num_chunk_merges: 7.
num_chunk_splits: 3167.
num_chunks_enlarged: 1836.
num_inconsistent_stats: 0.

CodeHeap 'non-profiled nmethods': size=120000Kb used=11199Kb max_used=11199Kb free=108800Kb
 bounds [0x000002301ca90000, 0x000002301d580000, 0x0000023023fc0000]
CodeHeap 'profiled nmethods': size=120000Kb used=26769Kb max_used=28083Kb free=93230Kb
 bounds [0x0000023014fc0000, 0x0000023016b30000, 0x000002301c4f0000]
CodeHeap 'non-nmethods': size=5760Kb used=2423Kb max_used=2509Kb free=3336Kb
 bounds [0x000002301c4f0000, 0x000002301c780000, 0x000002301ca90000]
 total_blobs=15263 nmethods=14306 adapters=869
 compilation: enabled
              stopped_count=0, restarted_count=0
 full_count=0

Compilation events (20 events):
Event: 3191.164 Thread 0x000002302e3ed720 nmethod 17511 0x00000230156f4a10 code [0x00000230156f4ca0, 0x00000230156f5868]
Event: 3191.164 Thread 0x000002302e3ed720 17512       3       org.gradle.internal.jvm.Jvm::<init> (11 bytes)
Event: 3191.164 Thread 0x000002302e3ed720 nmethod 17512 0x0000023016847310 code [0x00000230168474c0, 0x0000023016847608]
Event: 3201.152 Thread 0x000002302e3ed720 17513       3       org.gradle.launcher.daemon.server.CompatibleDaemonExpirationStrategy$1::isSatisfiedBy (9 bytes)
Event: 3201.152 Thread 0x000002302e3ed720 nmethod 17513 0x0000023015abab90 code [0x0000023015abad80, 0x0000023015abb328]
Event: 3201.152 Thread 0x000002302e3ed720 17514       3       org.gradle.launcher.daemon.server.CompatibleDaemonExpirationStrategy$1::isSatisfiedBy (17 bytes)
Event: 3201.152 Thread 0x000002302e3ed720 nmethod 17514 0x0000023015f9c310 code [0x0000023015f9c4e0, 0x0000023015f9c928]
Event: 3201.152 Thread 0x000002302e3ed720 17515       3       org.gradle.launcher.daemon.context.DaemonCompatibilitySpec::daemonOptsMatch (53 bytes)
Event: 3201.152 Thread 0x000002302e3ed720 nmethod 17515 0x0000023015b35410 code [0x0000023015b35600, 0x0000023015b35b68]
Event: 3326.020 Thread 0x000002302e3e7510 17516       4       org.gradle.internal.snapshot.AbstractIncompleteFileSystemNode::invalidate (65 bytes)
Event: 3326.022 Thread 0x000002302e3e7510 nmethod 17516 0x000002301d57f010 code [0x000002301d57f1c0, 0x000002301d57f488]
Event: 3491.808 Thread 0x000002302e3e7510 17517       4       java.io.ObjectOutputStream$ReplaceTable::lookup (24 bytes)
Event: 3491.811 Thread 0x000002302e3ed720 17520       3       java.io.ObjectOutputStream$BlockDataOutputStream::getUTFLength (124 bytes)
Event: 3491.827 Thread 0x000002302e3ed720 nmethod 17520 0x0000023015f31990 code [0x0000023015f31b80, 0x0000023015f32148]
Event: 3491.827 Thread 0x000002302e3ed720 17521       3       java.io.ObjectOutputStream$BlockDataOutputStream::writeUTF (46 bytes)
Event: 3491.836 Thread 0x000002302e3ed720 nmethod 17521 0x0000023016006d90 code [0x0000023016006f80, 0x0000023016007378]
Event: 3491.837 Thread 0x000002302e3ed720 17522       3       java.io.ObjectOutputStream::flush (8 bytes)
Event: 3491.854 Thread 0x000002302e3ed720 nmethod 17522 0x0000023015f0b490 code [0x0000023015f0b660, 0x0000023015f0b8f8]
Event: 3491.869 Thread 0x000002302e3e7510 nmethod 17517 0x000002301d57f710 code [0x000002301d57f8a0, 0x000002301d57fb08]
Event: 3491.869 Thread 0x000002302e3e7510 17519   !   4       java.io.ObjectOutputStream::writeObject0 (620 bytes)

GC Heap History (20 events):
Event: 625.649 GC heap before
{Heap before GC invocations=75 (full 0):
 garbage-first heap   total 1249280K, used 918120K [0x0000000740000000, 0x0000000800000000)
  region size 2048K, 292 young (598016K), 7 survivors (14336K)
 Metaspace       used 89751K, committed 90624K, reserved 1179648K
  class space    used 12299K, committed 12736K, reserved 1048576K
}
Event: 625.655 GC heap after
{Heap after GC invocations=76 (full 0):
 garbage-first heap   total 1249280K, used 338625K [0x0000000740000000, 0x0000000800000000)
  region size 2048K, 9 young (18432K), 9 survivors (18432K)
 Metaspace       used 89751K, committed 90624K, reserved 1179648K
  class space    used 12299K, committed 12736K, reserved 1048576K
}
Event: 626.783 GC heap before
{Heap before GC invocations=76 (full 0):
 garbage-first heap   total 1249280K, used 580289K [0x0000000740000000, 0x0000000800000000)
  region size 2048K, 30 young (61440K), 9 survivors (18432K)
 Metaspace       used 89983K, committed 91008K, reserved 1179648K
  class space    used 12307K, committed 12800K, reserved 1048576K
}
Event: 626.797 GC heap after
{Heap after GC invocations=77 (full 0):
 garbage-first heap   total 1249280K, used 235907K [0x0000000740000000, 0x0000000800000000)
  region size 2048K, 3 young (6144K), 3 survivors (6144K)
 Metaspace       used 89983K, committed 91008K, reserved 1179648K
  class space    used 12307K, committed 12800K, reserved 1048576K
}
Event: 626.844 GC heap before
{Heap before GC invocations=77 (full 0):
 garbage-first heap   total 1249280K, used 307587K [0x0000000740000000, 0x0000000800000000)
  region size 2048K, 30 young (61440K), 3 survivors (6144K)
 Metaspace       used 89983K, committed 91008K, reserved 1179648K
  class space    used 12307K, committed 12800K, reserved 1048576K
}
Event: 626.855 GC heap after
{Heap after GC invocations=78 (full 0):
 garbage-first heap   total 1249280K, used 276284K [0x0000000740000000, 0x0000000800000000)
  region size 2048K, 4 young (8192K), 4 survivors (8192K)
 Metaspace       used 89983K, committed 91008K, reserved 1179648K
  class space    used 12307K, committed 12800K, reserved 1048576K
}
Event: 626.901 GC heap before
{Heap before GC invocations=78 (full 0):
 garbage-first heap   total 1249280K, used 397116K [0x0000000740000000, 0x0000000800000000)
  region size 2048K, 64 young (131072K), 4 survivors (8192K)
 Metaspace       used 89983K, committed 91008K, reserved 1179648K
  class space    used 12307K, committed 12800K, reserved 1048576K
}
Event: 626.924 GC heap after
{Heap after GC invocations=79 (full 0):
 garbage-first heap   total 1249280K, used 357473K [0x0000000740000000, 0x0000000800000000)
  region size 2048K, 37 young (75776K), 37 survivors (75776K)
 Metaspace       used 89983K, committed 91008K, reserved 1179648K
  class space    used 12307K, committed 12800K, reserved 1048576K
}
Event: 739.012 GC heap before
{Heap before GC invocations=80 (full 0):
 garbage-first heap   total 1140736K, used 885857K [0x0000000740000000, 0x0000000800000000)
  region size 2048K, 221 young (452608K), 37 survivors (75776K)
 Metaspace       used 90291K, committed 91264K, reserved 1179648K
  class space    used 12313K, committed 12800K, reserved 1048576K
}
Event: 739.054 GC heap after
{Heap after GC invocations=81 (full 0):
 garbage-first heap   total 1140736K, used 348431K [0x0000000740000000, 0x0000000800000000)
  region size 2048K, 28 young (57344K), 28 survivors (57344K)
 Metaspace       used 90291K, committed 91264K, reserved 1179648K
  class space    used 12313K, committed 12800K, reserved 1048576K
}
Event: 739.055 GC heap before
{Heap before GC invocations=81 (full 0):
 garbage-first heap   total 1140736K, used 350479K [0x0000000740000000, 0x0000000800000000)
  region size 2048K, 29 young (59392K), 28 survivors (57344K)
 Metaspace       used 90291K, committed 91264K, reserved 1179648K
  class space    used 12313K, committed 12800K, reserved 1048576K
}
Event: 739.066 GC heap after
{Heap after GC invocations=82 (full 0):
 garbage-first heap   total 1140736K, used 340065K [0x0000000740000000, 0x0000000800000000)
  region size 2048K, 4 young (8192K), 4 survivors (8192K)
 Metaspace       used 90291K, committed 91264K, reserved 1179648K
  class space    used 12313K, committed 12800K, reserved 1048576K
}
Event: 739.100 GC heap before
{Heap before GC invocations=82 (full 0):
 garbage-first heap   total 1140736K, used 430177K [0x0000000740000000, 0x0000000800000000)
  region size 2048K, 49 young (100352K), 4 survivors (8192K)
 Metaspace       used 90291K, committed 91264K, reserved 1179648K
  class space    used 12313K, committed 12800K, reserved 1048576K
}
Event: 739.121 GC heap after
{Heap after GC invocations=83 (full 0):
 garbage-first heap   total 1140736K, used 398433K [0x0000000740000000, 0x0000000800000000)
  region size 2048K, 22 young (45056K), 22 survivors (45056K)
 Metaspace       used 90291K, committed 91264K, reserved 1179648K
  class space    used 12313K, committed 12800K, reserved 1048576K
}
Event: 802.916 GC heap before
{Heap before GC invocations=84 (full 0):
 garbage-first heap   total 1140736K, used 786236K [0x0000000740000000, 0x0000000800000000)
  region size 2048K, 156 young (319488K), 22 survivors (45056K)
 Metaspace       used 90512K, committed 91456K, reserved 1179648K
  class space    used 12323K, committed 12800K, reserved 1048576K
}
Event: 802.931 GC heap after
{Heap after GC invocations=85 (full 0):
 garbage-first heap   total 1140736K, used 308341K [0x0000000740000000, 0x0000000800000000)
  region size 2048K, 10 young (20480K), 10 survivors (20480K)
 Metaspace       used 90512K, committed 91456K, reserved 1179648K
  class space    used 12323K, committed 12800K, reserved 1048576K
}
Event: 802.947 GC heap before
{Heap before GC invocations=85 (full 0):
 garbage-first heap   total 1140736K, used 341109K [0x0000000740000000, 0x0000000800000000)
  region size 2048K, 27 young (55296K), 10 survivors (20480K)
 Metaspace       used 90512K, committed 91456K, reserved 1179648K
  class space    used 12323K, committed 12800K, reserved 1048576K
}
Event: 802.955 GC heap after
{Heap after GC invocations=86 (full 0):
 garbage-first heap   total 1140736K, used 307004K [0x0000000740000000, 0x0000000800000000)
  region size 2048K, 4 young (8192K), 4 survivors (8192K)
 Metaspace       used 90512K, committed 91456K, reserved 1179648K
  class space    used 12323K, committed 12800K, reserved 1048576K
}
Event: 803.002 GC heap before
{Heap before GC invocations=86 (full 0):
 garbage-first heap   total 1140736K, used 436028K [0x0000000740000000, 0x0000000800000000)
  region size 2048K, 68 young (139264K), 4 survivors (8192K)
 Metaspace       used 90512K, committed 91456K, reserved 1179648K
  class space    used 12323K, committed 12800K, reserved 1048576K
}
Event: 803.029 GC heap after
{Heap after GC invocations=87 (full 0):
 garbage-first heap   total 1140736K, used 397116K [0x0000000740000000, 0x0000000800000000)
  region size 2048K, 23 young (47104K), 23 survivors (47104K)
 Metaspace       used 90512K, committed 91456K, reserved 1179648K
  class space    used 12323K, committed 12800K, reserved 1048576K
}

Dll operation events (15 events):
Event: 0.005 Loaded shared library C:\Program Files\Eclipse Adoptium\jdk-17.0.18.8-hotspot\bin\java.dll
Event: 0.022 Loaded shared library C:\Program Files\Eclipse Adoptium\jdk-17.0.18.8-hotspot\bin\jsvml.dll
Event: 0.052 Loaded shared library C:\Program Files\Eclipse Adoptium\jdk-17.0.18.8-hotspot\bin\zip.dll
Event: 0.054 Loaded shared library C:\Program Files\Eclipse Adoptium\jdk-17.0.18.8-hotspot\bin\instrument.dll
Event: 0.057 Loaded shared library C:\Program Files\Eclipse Adoptium\jdk-17.0.18.8-hotspot\bin\net.dll
Event: 0.058 Loaded shared library C:\Program Files\Eclipse Adoptium\jdk-17.0.18.8-hotspot\bin\nio.dll
Event: 0.060 Loaded shared library C:\Program Files\Eclipse Adoptium\jdk-17.0.18.8-hotspot\bin\zip.dll
Event: 0.211 Loaded shared library C:\Program Files\Eclipse Adoptium\jdk-17.0.18.8-hotspot\bin\jimage.dll
Event: 0.275 Loaded shared library C:\Program Files\Eclipse Adoptium\jdk-17.0.18.8-hotspot\bin\verify.dll
Event: 0.371 Loaded shared library C:\Users\ellio\.gradle\native\c067742578af261105cb4f569cf0c3c89f3d7b1fecec35dd04571415982c5e48\windows-amd64\native-platform.dll
Event: 0.381 Loaded shared library C:\Users\ellio\.gradle\native\100fb08df4bc3b14c8652ba06237920a3bd2aa13389f12d3474272988ae205f9\windows-amd64\native-platform-file-events.dll
Event: 0.921 Loaded shared library C:\Program Files\Eclipse Adoptium\jdk-17.0.18.8-hotspot\bin\management.dll
Event: 0.924 Loaded shared library C:\Program Files\Eclipse Adoptium\jdk-17.0.18.8-hotspot\bin\management_ext.dll
Event: 1.038 Loaded shared library C:\Program Files\Eclipse Adoptium\jdk-17.0.18.8-hotspot\bin\extnet.dll
Event: 1.181 Loaded shared library C:\Program Files\Eclipse Adoptium\jdk-17.0.18.8-hotspot\bin\sunmscapi.dll

Deoptimization events (20 events):
Event: 3491.728 Thread 0x000002307ad49a60 Uncommon trap: trap_request=0xffffffde fr.pc=0x000002301d35ba48 relative=0x0000000000006668
Event: 3491.728 Thread 0x000002307ad49a60 Uncommon trap: reason=class_check action=maybe_recompile pc=0x000002301d35ba48 method=java.io.ObjectOutputStream.writeObject0(Ljava/lang/Object;Z)V @ 240 c2
Event: 3491.728 Thread 0x000002307ad49a60 DEOPT PACKING pc=0x000002301d35ba48 sp=0x000000fb3aefec10
Event: 3491.728 Thread 0x000002307ad49a60 DEOPT UNPACKING pc=0x000002301c5469a3 sp=0x000000fb3aefec68 mode 2
Event: 3491.789 Thread 0x000002307ad49a60 Uncommon trap: trap_request=0xffffffde fr.pc=0x000002301d35ba48 relative=0x0000000000006668
Event: 3491.789 Thread 0x000002307ad49a60 Uncommon trap: reason=class_check action=maybe_recompile pc=0x000002301d35ba48 method=java.io.ObjectOutputStream.writeObject0(Ljava/lang/Object;Z)V @ 240 c2
Event: 3491.789 Thread 0x000002307ad49a60 DEOPT PACKING pc=0x000002301d35ba48 sp=0x000000fb3aefde70
Event: 3491.789 Thread 0x000002307ad49a60 DEOPT UNPACKING pc=0x000002301c5469a3 sp=0x000000fb3aefdec8 mode 2
Event: 3491.796 Thread 0x000002307ad49a60 Uncommon trap: trap_request=0xffffffde fr.pc=0x000002301d35ba48 relative=0x0000000000006668
Event: 3491.796 Thread 0x000002307ad49a60 Uncommon trap: reason=class_check action=maybe_recompile pc=0x000002301d35ba48 method=java.io.ObjectOutputStream.writeObject0(Ljava/lang/Object;Z)V @ 240 c2
Event: 3491.796 Thread 0x000002307ad49a60 DEOPT PACKING pc=0x000002301d35ba48 sp=0x000000fb3aefdb80
Event: 3491.796 Thread 0x000002307ad49a60 DEOPT UNPACKING pc=0x000002301c5469a3 sp=0x000000fb3aefdbd8 mode 2
Event: 3491.802 Thread 0x000002307ad49a60 Uncommon trap: trap_request=0xffffff3d fr.pc=0x000002301d07fe9c relative=0x000000000000037c
Event: 3491.802 Thread 0x000002307ad49a60 Uncommon trap: reason=unstable_fused_if action=reinterpret pc=0x000002301d07fe9c method=java.io.ObjectOutputStream$BlockDataOutputStream.getUTFLength(Ljava/lang/String;)J @ 66 c2
Event: 3491.802 Thread 0x000002307ad49a60 DEOPT PACKING pc=0x000002301d07fe9c sp=0x000000fb3aefddc0
Event: 3491.802 Thread 0x000002307ad49a60 DEOPT UNPACKING pc=0x000002301c5469a3 sp=0x000000fb3aefdd50 mode 2
Event: 3491.802 Thread 0x000002307ad49a60 Uncommon trap: trap_request=0xffffff45 fr.pc=0x000002301d453874 relative=0x0000000000000734
Event: 3491.802 Thread 0x000002307ad49a60 Uncommon trap: reason=unstable_if action=reinterpret pc=0x000002301d453874 method=java.io.ObjectOutputStream$BlockDataOutputStream.writeUTF(Ljava/lang/String;J)V @ 29 c2
Event: 3491.802 Thread 0x000002307ad49a60 DEOPT PACKING pc=0x000002301d453874 sp=0x000000fb3aefddd0
Event: 3491.802 Thread 0x000002307ad49a60 DEOPT UNPACKING pc=0x000002301c5469a3 sp=0x000000fb3aefdd80 mode 2

Classes loaded (20 events):
Event: 70.989 Loading class java/util/CollectionsBeanInfo
Event: 70.989 Loading class java/util/CollectionsBeanInfo done
Event: 70.990 Loading class java/util/CollectionsBeanInfo
Event: 70.990 Loading class java/util/CollectionsBeanInfo done
Event: 70.990 Loading class java/util/CollectionsCustomizer
Event: 70.990 Loading class java/util/CollectionsCustomizer done
Event: 70.990 Loading class java/util/CollectionsCustomizer
Event: 70.990 Loading class java/util/CollectionsCustomizer done
Event: 116.773 Loading class java/time/Instant$1
Event: 116.773 Loading class java/time/Instant$1 done
Event: 330.253 Loading class java/util/zip/Deflater
Event: 330.253 Loading class java/util/zip/Deflater done
Event: 330.253 Loading class java/util/zip/Deflater$DeflaterZStreamRef
Event: 330.254 Loading class java/util/zip/Deflater$DeflaterZStreamRef done
Event: 330.357 Loading class jdk/internal/misc/ScopedMemoryAccess$Scope$Handle
Event: 330.357 Loading class jdk/internal/misc/ScopedMemoryAccess$Scope$Handle done
Event: 330.877 Loading class java/util/regex/Pattern$Neg
Event: 330.877 Loading class java/util/regex/Pattern$Neg done
Event: 332.518 Loading class sun/nio/fs/WindowsSecurity$Privilege
Event: 332.518 Loading class sun/nio/fs/WindowsSecurity$Privilege done

Classes unloaded (2 events):
Event: 24.003 Thread 0x000002302e3c50b0 Unloading class 0x0000023030988800 'java/lang/invoke/LambdaForm$DMH+0x0000023030988800'
Event: 24.003 Thread 0x000002302e3c50b0 Unloading class 0x0000023030988400 'java/lang/invoke/LambdaForm$DMH+0x0000023030988400'

Classes redefined (0 events):
No events

Internal exceptions (20 events):
Event: 332.531 Thread 0x0000023078f1f530 Exception <a 'sun/nio/fs/WindowsException'{0x000000076ba2b1d8}> (0x000000076ba2b1d8) 
thrown [s\src\hotspot\share\prims\jni.cpp, line 516]
Event: 332.531 Thread 0x0000023078f1f530 Exception <a 'sun/nio/fs/WindowsException'{0x000000076ba2ca28}> (0x000000076ba2ca28) 
thrown [s\src\hotspot\share\prims\jni.cpp, line 516]
Event: 625.667 Thread 0x00000230766cb5c0 Exception <a 'sun/nio/fs/WindowsException'{0x00000007ffd597d0}> (0x00000007ffd597d0) 
thrown [s\src\hotspot\share\prims\jni.cpp, line 516]
Event: 625.667 Thread 0x00000230766cb5c0 Exception <a 'sun/nio/fs/WindowsException'{0x00000007ffd5aca0}> (0x00000007ffd5aca0) 
thrown [s\src\hotspot\share\prims\jni.cpp, line 516]
Event: 625.667 Thread 0x00000230766cb5c0 Exception <a 'sun/nio/fs/WindowsException'{0x00000007ffd5c160}> (0x00000007ffd5c160) 
thrown [s\src\hotspot\share\prims\jni.cpp, line 516]
Event: 625.667 Thread 0x00000230766cb5c0 Exception <a 'sun/nio/fs/WindowsException'{0x00000007ffd5d600}> (0x00000007ffd5d600) 
thrown [s\src\hotspot\share\prims\jni.cpp, line 516]
Event: 736.329 Thread 0x0000023078f1ae50 Exception <a 'java/lang/reflect/InvocationTargetException'{0x00000007756f9a20}> (0x00000007756f9a20) 
thrown [s\src\hotspot\share\runtime\reflection.cpp, line 1128]
Event: 737.882 Thread 0x00000230766cb5c0 Exception <a 'sun/nio/fs/WindowsException'{0x0000000772b95230}> (0x0000000772b95230) 
thrown [s\src\hotspot\share\prims\jni.cpp, line 516]
Event: 737.882 Thread 0x00000230766cb5c0 Exception <a 'sun/nio/fs/WindowsException'{0x0000000772b96700}> (0x0000000772b96700) 
thrown [s\src\hotspot\share\prims\jni.cpp, line 516]
Event: 737.882 Thread 0x00000230766cb5c0 Exception <a 'sun/nio/fs/WindowsException'{0x0000000772b97bc0}> (0x0000000772b97bc0) 
thrown [s\src\hotspot\share\prims\jni.cpp, line 516]
Event: 737.883 Thread 0x00000230766cb5c0 Exception <a 'sun/nio/fs/WindowsException'{0x0000000772b99060}> (0x0000000772b99060) 
thrown [s\src\hotspot\share\prims\jni.cpp, line 516]
Event: 767.432 Thread 0x00000230766cb5c0 Implicit null exception at 0x000002301d0e0f38 to 0x000002301d0e1480
Event: 801.825 Thread 0x00000230766cb5c0 Exception <a 'sun/nio/fs/WindowsException'{0x0000000775e958e8}> (0x0000000775e958e8) 
thrown [s\src\hotspot\share\prims\jni.cpp, line 516]
Event: 801.825 Thread 0x00000230766cb5c0 Exception <a 'sun/nio/fs/WindowsException'{0x0000000775e96db8}> (0x0000000775e96db8) 
thrown [s\src\hotspot\share\prims\jni.cpp, line 516]
Event: 801.825 Thread 0x00000230766cb5c0 Exception <a 'sun/nio/fs/WindowsException'{0x0000000775e98278}> (0x0000000775e98278) 
thrown [s\src\hotspot\share\prims\jni.cpp, line 516]
Event: 801.825 Thread 0x00000230766cb5c0 Exception <a 'sun/nio/fs/WindowsException'{0x0000000775e99718}> (0x0000000775e99718) 
thrown [s\src\hotspot\share\prims\jni.cpp, line 516]
Event: 3491.189 Thread 0x000002302e3f8ad0 Exception <a 'java/io/IOException'{0x000000076eea5250}> (0x000000076eea5250) 
thrown [s\src\hotspot\share\prims\jni.cpp, line 516]
Event: 3491.742 Thread 0x000002307ad49a60 Exception <a 'java/lang/NoSuchMethodError'{0x00000007ffbc3910}: static Lorg/gradle/api/UncheckedIOException;.<clinit>()V> (0x00000007ffbc3910) 
thrown [s\src\hotspot\share\prims\jni.cpp, line 1112]
Event: 3491.804 Thread 0x000002307ad49a60 Exception <a 'java/lang/NoSuchMethodError'{0x00000007ffbc5240}: static [Ljava/lang/StackTraceElement;.<clinit>()V> (0x00000007ffbc5240) 
thrown [s\src\hotspot\share\prims\jni.cpp, line 1112]
Event: 3491.822 Thread 0x000002307ad49a60 Exception <a 'java/lang/NoSuchMethodError'{0x000000076ef16c38}: static [B.<clinit>()V> (0x000000076ef16c38) 
thrown [s\src\hotspot\share\prims\jni.cpp, line 1112]

VM Operations (20 events):
Event: 1762.057 Executing VM operation: Cleanup
Event: 1762.057 Executing VM operation: Cleanup done
Event: 2062.027 Executing VM operation: Cleanup
Event: 2062.027 Executing VM operation: Cleanup done
Event: 2303.897 Executing VM operation: Cleanup
Event: 2303.897 Executing VM operation: Cleanup done
Event: 2603.982 Executing VM operation: Cleanup
Event: 2603.982 Executing VM operation: Cleanup done
Event: 2702.309 Executing VM operation: Cleanup
Event: 2702.309 Executing VM operation: Cleanup done
Event: 2726.430 Executing VM operation: Cleanup
Event: 2726.430 Executing VM operation: Cleanup done
Event: 2781.623 Executing VM operation: Cleanup
Event: 2781.623 Executing VM operation: Cleanup done
Event: 2928.077 Executing VM operation: Cleanup
Event: 2928.077 Executing VM operation: Cleanup done
Event: 3326.300 Executing VM operation: Cleanup
Event: 3326.300 Executing VM operation: Cleanup done
Event: 3491.849 Executing VM operation: Cleanup
Event: 3491.854 Executing VM operation: Cleanup done

Memory protections (0 events):
No events

Nmethod flushes (20 events):
Event: 802.655 Thread 0x000002302e3fae40 flushing  nmethod 0x0000023016855110
Event: 802.655 Thread 0x000002302e3fae40 flushing  nmethod 0x0000023016859a10
Event: 802.655 Thread 0x000002302e3fae40 flushing osr nmethod 0x0000023016859f90
Event: 802.655 Thread 0x000002302e3fae40 flushing  nmethod 0x000002301685b810
Event: 802.655 Thread 0x000002302e3fae40 flushing  nmethod 0x000002301685cf10
Event: 802.655 Thread 0x000002302e3fae40 flushing osr nmethod 0x0000023016863f90
Event: 802.655 Thread 0x000002302e3fae40 flushing  nmethod 0x000002301686bf90
Event: 802.655 Thread 0x000002302e3fae40 flushing  nmethod 0x0000023016876710
Event: 802.655 Thread 0x000002302e3fae40 flushing  nmethod 0x0000023016877010
Event: 802.655 Thread 0x000002302e3fae40 flushing  nmethod 0x0000023016877610
Event: 802.655 Thread 0x000002302e3fae40 flushing  nmethod 0x000002301687ea10
Event: 802.655 Thread 0x000002302e3fae40 flushing  nmethod 0x000002301687ef10
Event: 802.655 Thread 0x000002302e3fae40 flushing  nmethod 0x0000023016881610
Event: 802.655 Thread 0x000002302e3fae40 flushing  nmethod 0x000002301688b310
Event: 802.655 Thread 0x000002302e3fae40 flushing  nmethod 0x0000023016896010
Event: 802.655 Thread 0x000002302e3fae40 flushing  nmethod 0x0000023016896490
Event: 802.655 Thread 0x000002302e3fae40 flushing  nmethod 0x0000023016896f10
Event: 802.655 Thread 0x000002302e3fae40 flushing  nmethod 0x0000023016897310
Event: 802.655 Thread 0x000002302e3fae40 flushing  nmethod 0x00000230168e7410
Event: 802.655 Thread 0x000002302e3fae40 flushing  nmethod 0x0000023016932610

Events (20 events):
Event: 802.799 Thread 0x0000023078f1fa40 Thread added: 0x00000230766cd930
Event: 802.799 Thread 0x0000023078f1fa40 Thread added: 0x00000230766d2520
Event: 802.874 Thread 0x000002302e3ed720 Thread added: 0x000002307855e300
Event: 803.047 Thread 0x0000023078f1eb10 Thread added: 0x00000230766d10e0
Event: 803.047 Thread 0x0000023078f1eb10 Thread added: 0x000002302e3fa930
Event: 805.687 Thread 0x000002307855e300 Thread exited: 0x000002307855e300
Event: 806.403 Thread 0x00000230754fab30 Thread exited: 0x00000230754fab30
Event: 812.114 Thread 0x00000230750b8120 Thread exited: 0x00000230750b8120
Event: 827.423 Thread 0x0000023078f1c290 Thread exited: 0x0000023078f1c290
Event: 827.470 Thread 0x00000230751a2e00 Thread exited: 0x00000230751a2e00
Event: 862.728 Thread 0x00000230766cf280 Thread exited: 0x00000230766cf280
Event: 922.743 Thread 0x0000023078f1b360 Thread exited: 0x0000023078f1b360
Event: 982.750 Thread 0x0000023078f1dbe0 Thread exited: 0x0000023078f1dbe0
Event: 1017.700 Thread 0x00000230751a3820 Thread added: 0x000002302e3f80b0
Event: 1042.752 Thread 0x00000230766cc4f0 Thread exited: 0x00000230766cc4f0
Event: 1083.013 Thread 0x000002302e3f80b0 Thread exited: 0x000002302e3f80b0
Event: 1102.764 Thread 0x00000230766d15f0 Thread exited: 0x00000230766d15f0
Event: 1162.772 Thread 0x00000230766d06c0 Thread exited: 0x00000230766d06c0
Event: 1222.775 Thread 0x0000023078f1e0f0 Thread exited: 0x0000023078f1e0f0
Event: 1282.775 Thread 0x00000230766cbad0 Thread exited: 0x00000230766cbad0


Dynamic libraries:
0x00007ff728680000 - 0x00007ff72868e000 	C:\Program Files\Eclipse Adoptium\jdk-17.0.18.8-hotspot\bin\java.exe
0x00007ffa97600000 - 0x00007ffa97867000 	C:\WINDOWS\SYSTEM32\ntdll.dll
0x00007ffa96900000 - 0x00007ffa969c9000 	C:\WINDOWS\System32\KERNEL32.DLL
0x00007ffa94ba0000 - 0x00007ffa94f91000 	C:\WINDOWS\System32\KERNELBASE.dll
0x00007ffa93f90000 - 0x00007ffa940db000 	C:\WINDOWS\System32\ucrtbase.dll
0x00007ffa7c690000 - 0x00007ffa7c6a8000 	C:\Program Files\Eclipse Adoptium\jdk-17.0.18.8-hotspot\bin\jli.dll
0x00007ffa7c4f0000 - 0x00007ffa7c50e000 	C:\Program Files\Eclipse Adoptium\jdk-17.0.18.8-hotspot\bin\VCRUNTIME140.dll
0x00007ffa96a40000 - 0x00007ffa96c05000 	C:\WINDOWS\System32\USER32.dll
0x00007ffa724b0000 - 0x00007ffa72743000 	C:\WINDOWS\WinSxS\amd64_microsoft.windows.common-controls_6595b64144ccf1df_6.0.26100.8037_none_3e092faae333b53b\COMCTL32.dll
0x00007ffa94950000 - 0x00007ffa94977000 	C:\WINDOWS\System32\win32u.dll
0x00007ffa955b0000 - 0x00007ffa95659000 	C:\WINDOWS\System32\msvcrt.dll
0x00007ffa96a10000 - 0x00007ffa96a3b000 	C:\WINDOWS\System32\GDI32.dll
0x00007ffa95030000 - 0x00007ffa9515b000 	C:\WINDOWS\System32\gdi32full.dll
0x00007ffa94af0000 - 0x00007ffa94b93000 	C:\WINDOWS\System32\msvcp_win.dll
0x00007ffa95bd0000 - 0x00007ffa95c01000 	C:\WINDOWS\System32\IMM32.DLL
0x00007ffa7ca00000 - 0x00007ffa7ca0c000 	C:\Program Files\Eclipse Adoptium\jdk-17.0.18.8-hotspot\bin\vcruntime140_1.dll
0x00007ffa6c360000 - 0x00007ffa6c3ed000 	C:\Program Files\Eclipse Adoptium\jdk-17.0.18.8-hotspot\bin\msvcp140.dll
0x00007ff9a5ed0000 - 0x00007ff9a6b3b000 	C:\Program Files\Eclipse Adoptium\jdk-17.0.18.8-hotspot\bin\server\jvm.dll
0x00007ffa95b10000 - 0x00007ffa95bcb000 	C:\WINDOWS\System32\ADVAPI32.dll
0x00007ffa95c10000 - 0x00007ffa95cb7000 	C:\WINDOWS\System32\sechost.dll
0x00007ffa95660000 - 0x00007ffa95778000 	C:\WINDOWS\System32\RPCRT4.dll
0x00007ffa96ce0000 - 0x00007ffa96d54000 	C:\WINDOWS\System32\WS2_32.dll
0x00007ffa93b90000 - 0x00007ffa93bee000 	C:\WINDOWS\SYSTEM32\POWRPROF.dll
0x00007ffa875f0000 - 0x00007ffa87625000 	C:\WINDOWS\SYSTEM32\WINMM.dll
0x00007ffa8e280000 - 0x00007ffa8e28b000 	C:\WINDOWS\SYSTEM32\VERSION.dll
0x00007ffa93b70000 - 0x00007ffa93b84000 	C:\WINDOWS\SYSTEM32\UMPDC.dll
0x00007ffa92c70000 - 0x00007ffa92c8b000 	C:\WINDOWS\SYSTEM32\kernel.appcore.dll
0x00007ffa7c4e0000 - 0x00007ffa7c4ea000 	C:\Program Files\Eclipse Adoptium\jdk-17.0.18.8-hotspot\bin\jimage.dll
0x00007ffa91850000 - 0x00007ffa91a92000 	C:\WINDOWS\SYSTEM32\DBGHELP.DLL
0x00007ffa95780000 - 0x00007ffa95b02000 	C:\WINDOWS\System32\combase.dll
0x00007ffa96720000 - 0x00007ffa967f7000 	C:\WINDOWS\System32\OLEAUT32.dll
0x00007ffa6e830000 - 0x00007ffa6e86b000 	C:\WINDOWS\SYSTEM32\dbgcore.DLL
0x00007ffa93ee0000 - 0x00007ffa93f85000 	C:\WINDOWS\System32\bcryptPrimitives.dll
0x00007ffa7b380000 - 0x00007ffa7b38e000 	C:\Program Files\Eclipse Adoptium\jdk-17.0.18.8-hotspot\bin\instrument.dll
0x00007ffa79a10000 - 0x00007ffa79a35000 	C:\Program Files\Eclipse Adoptium\jdk-17.0.18.8-hotspot\bin\java.dll
0x00007ffa631e0000 - 0x00007ffa632b7000 	C:\Program Files\Eclipse Adoptium\jdk-17.0.18.8-hotspot\bin\jsvml.dll
0x00007ffa96dc0000 - 0x00007ffa9751f000 	C:\WINDOWS\System32\SHELL32.dll
0x00007ffa94980000 - 0x00007ffa94aea000 	C:\WINDOWS\System32\wintypes.dll
0x00007ffa940e0000 - 0x00007ffa94944000 	C:\WINDOWS\System32\windows.storage.dll
0x00007ffa95d40000 - 0x00007ffa95e37000 	C:\WINDOWS\System32\SHCORE.dll
0x00007ffa953a0000 - 0x00007ffa95407000 	C:\WINDOWS\System32\shlwapi.dll
0x00007ffa93e00000 - 0x00007ffa93e29000 	C:\WINDOWS\SYSTEM32\profapi.dll
0x00007ffa7b360000 - 0x00007ffa7b378000 	C:\Program Files\Eclipse Adoptium\jdk-17.0.18.8-hotspot\bin\zip.dll
0x00007ffa78930000 - 0x00007ffa7894a000 	C:\Program Files\Eclipse Adoptium\jdk-17.0.18.8-hotspot\bin\net.dll
0x00007ffa8d9b0000 - 0x00007ffa8dad7000 	C:\WINDOWS\SYSTEM32\WINHTTP.dll
0x00007ffa931e0000 - 0x00007ffa9324b000 	C:\WINDOWS\system32\mswsock.dll
0x00007ffa752d0000 - 0x00007ffa752e6000 	C:\Program Files\Eclipse Adoptium\jdk-17.0.18.8-hotspot\bin\nio.dll
0x00007ffa7b310000 - 0x00007ffa7b320000 	C:\Program Files\Eclipse Adoptium\jdk-17.0.18.8-hotspot\bin\verify.dll
0x00007ffa7c7e0000 - 0x00007ffa7c807000 	C:\Users\ellio\.gradle\native\c067742578af261105cb4f569cf0c3c89f3d7b1fecec35dd04571415982c5e48\windows-amd64\native-platform.dll
0x00007ffa61600000 - 0x00007ffa61744000 	C:\Users\ellio\.gradle\native\100fb08df4bc3b14c8652ba06237920a3bd2aa13389f12d3474272988ae205f9\windows-amd64\native-platform-file-events.dll
0x00007ffa7b250000 - 0x00007ffa7b25a000 	C:\Program Files\Eclipse Adoptium\jdk-17.0.18.8-hotspot\bin\management.dll
0x00007ffa7b180000 - 0x00007ffa7b18c000 	C:\Program Files\Eclipse Adoptium\jdk-17.0.18.8-hotspot\bin\management_ext.dll
0x00007ffa96c10000 - 0x00007ffa96c18000 	C:\WINDOWS\System32\PSAPI.DLL
0x00007ffa934c0000 - 0x00007ffa934db000 	C:\WINDOWS\SYSTEM32\CRYPTSP.dll
0x00007ffa92bd0000 - 0x00007ffa92c09000 	C:\WINDOWS\system32\rsaenh.dll
0x00007ffa93290000 - 0x00007ffa932c2000 	C:\WINDOWS\SYSTEM32\USERENV.dll
0x00007ffa93dd0000 - 0x00007ffa93dfa000 	C:\WINDOWS\SYSTEM32\bcrypt.dll
0x00007ffa934e0000 - 0x00007ffa934ec000 	C:\WINDOWS\SYSTEM32\CRYPTBASE.dll
0x00007ffa925a0000 - 0x00007ffa925d3000 	C:\WINDOWS\SYSTEM32\IPHLPAPI.DLL
0x00007ffa969d0000 - 0x00007ffa969da000 	C:\WINDOWS\System32\NSI.dll
0x00007ffa8def0000 - 0x00007ffa8df0d000 	C:\WINDOWS\SYSTEM32\dhcpcsvc6.DLL
0x00007ffa8d980000 - 0x00007ffa8d9a3000 	C:\WINDOWS\SYSTEM32\dhcpcsvc.DLL
0x00007ffa92770000 - 0x00007ffa9289a000 	C:\WINDOWS\SYSTEM32\DNSAPI.dll
0x00007ffa78920000 - 0x00007ffa78929000 	C:\Program Files\Eclipse Adoptium\jdk-17.0.18.8-hotspot\bin\extnet.dll
0x00007ffa76930000 - 0x00007ffa7693e000 	C:\Program Files\Eclipse Adoptium\jdk-17.0.18.8-hotspot\bin\sunmscapi.dll
0x00007ffa95220000 - 0x00007ffa95397000 	C:\WINDOWS\System32\CRYPT32.dll
0x00007ffa93750000 - 0x00007ffa93780000 	C:\WINDOWS\SYSTEM32\ncrypt.dll
0x00007ffa93700000 - 0x00007ffa9373f000 	C:\WINDOWS\SYSTEM32\NTASN1.dll
0x00007ffa257e0000 - 0x00007ffa257e8000 	C:\WINDOWS\system32\wshunix.dll
0x00007ffa80600000 - 0x00007ffa8060b000 	C:\Windows\System32\rasadhlp.dll
0x00007ffa888d0000 - 0x00007ffa88956000 	C:\WINDOWS\System32\fwpuclnt.dll
0x00007ffa92d90000 - 0x00007ffa92dc6000 	C:\WINDOWS\SYSTEM32\ntmarta.dll

dbghelp: loaded successfully - version: 4.0.5 - missing functions: none
symbol engine: initialized successfully - sym options: 0x614 - pdb path: .;C:\Program Files\Eclipse Adoptium\jdk-17.0.18.8-hotspot\bin;C:\WINDOWS\SYSTEM32;C:\WINDOWS\WinSxS\amd64_microsoft.windows.common-controls_6595b64144ccf1df_6.0.26100.8037_none_3e092faae333b53b;C:\Program Files\Eclipse Adoptium\jdk-17.0.18.8-hotspot\bin\server;C:\Users\ellio\.gradle\native\c067742578af261105cb4f569cf0c3c89f3d7b1fecec35dd04571415982c5e48\windows-amd64;C:\Users\ellio\.gradle\native\100fb08df4bc3b14c8652ba06237920a3bd2aa13389f12d3474272988ae205f9\windows-amd64

VM Arguments:
jvm_args: --add-opens=java.base/java.util=ALL-UNNAMED --add-opens=java.base/java.lang=ALL-UNNAMED --add-opens=java.base/java.lang.invoke=ALL-UNNAMED --add-opens=java.prefs/java.util.prefs=ALL-UNNAMED --add-opens=java.base/java.nio.charset=ALL-UNNAMED --add-opens=java.base/java.net=ALL-UNNAMED --add-opens=java.base/java.util.concurrent.atomic=ALL-UNNAMED -Xmx3G -Dfile.encoding=UTF-8 -Duser.country=SE -Duser.language=sv -Duser.variant -javaagent:C:\Users\ellio\.gradle\wrapper\dists\gradle-8.8-bin\dl7vupf4psengwqhwktix4v1\gradle-8.8\lib\agents\gradle-instrumentation-agent-8.8.jar 
java_command: org.gradle.launcher.daemon.bootstrap.GradleDaemon 8.8
java_class_path (initial): C:\Users\ellio\.gradle\wrapper\dists\gradle-8.8-bin\dl7vupf4psengwqhwktix4v1\gradle-8.8\lib\gradle-launcher-8.8.jar
Launcher Type: SUN_STANDARD

[Global flags]
     intx CICompilerCount                          = 4                                         {product} {ergonomic}
     uint ConcGCThreads                            = 3                                         {product} {ergonomic}
     uint G1ConcRefinementThreads                  = 10                                        {product} {ergonomic}
   size_t G1HeapRegionSize                         = 2097152                                   {product} {ergonomic}
    uintx GCDrainStackTargetSize                   = 64                                        {product} {ergonomic}
   size_t InitialHeapSize                          = 266338304                                 {product} {ergonomic}
   size_t MarkStackSize                            = 4194304                                   {product} {ergonomic}
   size_t MaxHeapSize                              = 3221225472                                {product} {command line}
   size_t MaxNewSize                               = 1931476992                                {product} {ergonomic}
   size_t MinHeapDeltaBytes                        = 2097152                                   {product} {ergonomic}
   size_t MinHeapSize                              = 8388608                                   {product} {ergonomic}
    uintx NonNMethodCodeHeapSize                   = 5839372                                {pd product} {ergonomic}
    uintx NonProfiledCodeHeapSize                  = 122909434                              {pd product} {ergonomic}
    uintx ProfiledCodeHeapSize                     = 122909434                              {pd product} {ergonomic}
    uintx ReservedCodeCacheSize                    = 251658240                              {pd product} {ergonomic}
     bool SegmentedCodeCache                       = true                                      {product} {ergonomic}
   size_t SoftMaxHeapSize                          = 3221225472                             {manageable} {ergonomic}
     bool UseCompressedClassPointers               = true                           {product lp64_product} {ergonomic}
     bool UseCompressedOops                        = true                           {product lp64_product} {ergonomic}
     bool UseG1GC                                  = true                                      {product} {ergonomic}
     bool UseLargePagesIndividualAllocation        = false                                  {pd product} {ergonomic}

Logging:
Log output configuration:
 #0: stdout all=warning uptime,level,tags
 #1: stderr all=off uptime,level,tags

Environment Variables:
JAVA_HOME=C:\Program Files\Eclipse Adoptium\jdk-17.0.18.8-hotspot\
PATH=C:\Program Files\Eclipse Adoptium\jdk-17.0.18.8-hotspot\bin;C:\Program Files\Common Files\Oracle\Java\javapath;C:\Program Files\Meta Horizon\Support\oculus-runtime;C:\WINDOWS\system32;C:\WINDOWS;C:\WINDOWS\System32\Wbem;C:\WINDOWS\System32\WindowsPowerShell\v1.0\;C:\WINDOWS\System32\OpenSSH\;C:\Program Files\NVIDIA Corporation\NVIDIA App\NvDLISR;C:\Program Files (x86)\NVIDIA Corporation\PhysX\Common;C:\Program Files\dotnet\;C:\Program Files\Sunshine;C:\Program Files\Sunshine\tools;C:\Program Files\playit_gg\bin\;C:\Program Files\Tailscale\;C:\Users\ellio\AppData\Local\Programs\Python\Launcher\;C:\Users\ellio\AppData\Local\Microsoft\WindowsApps;C:\Users\ellio\AppData\Local\Programs\Ollama;C:\Users\ellio\AppData\Local\Programs\Microsoft VS Code\bin;C:\Users\ellio\AppData\Local\Python\bin;C:\Users\ellio\.dotnet\tools;C:\Users\ellio\AppData\Local\GitHubDesktop\bin;C:\Program Files\ffmpeg;
USERNAME=ellio
OS=Windows_NT
PROCESSOR_IDENTIFIER=Intel64 Family 6 Model 151 Stepping 2, GenuineIntel
TMP=C:\Users\ellio\AppData\Local\Temp
TEMP=C:\Users\ellio\AppData\Local\Temp



Periodic native trim disabled


---------------  S Y S T E M  ---------------

OS:
 Windows 11 , 64 bit Build 26100 (10.0.26100.7920)
OS uptime: 6 days 23:40 hours

CPU: total 12 (initial active 12) (6 cores per cpu, 2 threads per core) family 6 model 151 stepping 2 microcode 0x36, cx8, cmov, fxsr, ht, mmx, 3dnowpref, sse, sse2, sse3, ssse3, sse4.1, sse4.2, popcnt, lzcnt, tsc, tscinvbit, avx, avx2, aes, erms, clmul, bmi1, bmi2, adx, sha, fma, vzeroupper, clflush, clflushopt, clwb
Processor Information for all 12 processors :
  Max Mhz: 2500, Current Mhz: 2500, Mhz Limit: 2500

Memory: 4k page, system-wide physical 16215M (1002M free)
TotalPageFile size 65367M (AvailPageFile size 0M)
current process WorkingSet (physical memory assigned to process): 62M, peak: 1576M
current process commit charge ("private bytes"): 1445M, peak: 2238M

vm_info: OpenJDK 64-Bit Server VM (17.0.18+8) for windows-amd64 JRE (17.0.18+8), built on Jan 20 2026 22:28:22 by "admin" with MS VC++ 17.12 (VS2022)

END.
